Year,Disaster Type,Country,Region,Location
2020,Flood,Indonesia,Asia,Bantaeng
2020,Flood,Indonesia,Asia,West Java
2020,Flood,Indonesia,Asia,Nisam
2020,Flood,Indonesia,Asia,Bolaang Uki
2020,Flood,Indonesia,Asia,Luwu Utara District (North Luwu Regency
2020,Flood,Indonesia,Asia,Java Island
2020,Flood,Indonesia,Asia,Kaur Regency (western Bengkulu Province
2020,Flood,Indonesia,Asia,Central Tapanuli Regency (North Sumatra Province)
2020,Flood,Indonesia,Asia,Sumedang Regency
2020,Flood,Indonesia,Asia,Samarinda City (East Kalimantan Province
2020,Flood,Indonesia,Asia,West Nusa Tenggara Province (Lesser Sunda Islands); Aceh Province (northern Sumatra)
2020,Flood,Indonesia,Asia,Central Java
2020,Flood,Indonesia,Asia,Lamongan District (East Java Regency)
2020,Flood,Indonesia,Asia,Dayeuhkolot
2020,Flood,Indonesia,Asia,West Java
2020,Flood,Indonesia,Asia,Pasangkayu
2020,Flood,Indonesia,Asia,Tegal City
2020,Flood,Indonesia,Asia,Aceh
2020,Flood,Indonesia,Asia,Tana Toraja Regency (South Sulawesi Province); East Kalimantan; West Sumatra
2020,Flood,Indonesia,Asia,Musi Rawas Regency (South Sumatra Province); Jakarta Province
2020,Flood,Indonesia,Asia,Lima Puluh Kota Regency (West Sumatra Province)
2020,Flood,Indonesia,Asia,East Jakarta
2020,Flood,Indonesia,Asia,North Bolaang Mongondow Regency
2020,Flood,Indonesia,Asia,Dayeuhkolot
2020,Flood,Indonesia,Asia,Dayuehkolot
2021,Flood,Indonesia,Asia,East Aceh and Aceh Tamiang (Aceh Province
2021,Flood,Indonesia,Asia,Hulu Sungai Tengah and Banjarmasin (South Kalimantan); Makassar of South Sulawesi
2021,Flood,Indonesia,Asia,Lebak Regency (Banten Province
2021,Flood,Indonesia,Asia,Batu and Malang (East Java Province)
2021,Flood,Indonesia,Asia,Sekadau Regency (West Kalimantan Province
2021,Flood,Indonesia,Asia,Medan City (North Sumatra Province)
2021,Flood,Indonesia,Asia,Padang Pariaman Regency (West Sumatra); Mamuju Regency (West Sulawesi)
2021,Flood,Indonesia,Asia,West Java
2021,Flood,Indonesia,Asia,Karo Regency (North Sumatra); Kalimantan
2021,Flood,Indonesia,Asia,Teunom
2021,Flood,Indonesia,Asia,Dayeuhkolot
2021,Flood,Indonesia,Asia,West Java
2021,Flood,Indonesia,Asia,Kalimantan
2021,Flood,Indonesia,Asia,Sumbawa Island (West Nusa Tenggara Province
2021,Flood,Indonesia,Asia,Pasuruan Regency
2021,Flood,Indonesia,Asia,West Java
2021,Flood,Indonesia,Asia,Semarang City (Central Java Province)
2021,Flood,Indonesia,Asia,Bojonegoro Regency (East Java Province); Tangerang District (Banten Province); Banyuwangi Regency (East Java Province); North Gorontalo Regency (Gorontalo Province); Gresik Regency (East Java); Bogor Regency (West Java Province)
2022,Flood,Indonesia,Asia,Eastern Java Island
2022,Flood,Indonesia,Asia,Lampung Province (the southernmost Province of Sumatra); Tangerang Regency (Banten Province
2022,Flood,Indonesia,Asia,Batu Bara Regency (North Sumatra)
2022,Flood,Indonesia,Asia,Kendal
2022,Flood,Indonesia,Asia,Kupang Regency in East Nusa Tenggara Province (western Timor Island); Central Kupang
2022,Flood,Indonesia,Asia,South Jakarta; Lhokseumawe City (Aceh); Palopo City (South Sulawesi); Palembang City (South Sumatra)
2022,Flood,Indonesia,Asia,Jayapura City (Papua Province); East Java
2022,Flood,Indonesia,Asia,Karangasem Regency (eastern Bali); Bangli Regency (eastern Bali); Jembrana Regency (western Bali)
2022,Flood,Indonesia,Asia,Tegal Regency (Central Java Province); Bengkalis Regency (Riau Province
2022,Flood,Indonesia,Asia,Purworejo and Kebumen regencies (Java); Balikpapan City (East Kalimantan)
2022,Flood,Indonesia,Asia,Cipelang Village (Bogor Regency
2022,Flood,Indonesia,Asia,South Sulawesi
2022,Flood,Indonesia,Asia,Banten Province (western Java)
2023,Flood,Indonesia,Asia,Sumedang Regency (Java Island); Ketapang Regency (Kalimantan)
2023,Flood,Indonesia,Asia,Asahan Regency (North Sumatra Province); Teluk Dalam
2023,Flood,Indonesia,Asia,Manado City area (North Sulawesi Province)
2023,Flood,Indonesia,Asia,Aceh and West Sumatra Provinces
2023,Flood,Indonesia,Asia,Karangasem and Bangli (Bali Province); Lumajang (East Java Province)
2024,Flood,Indonesia,Asia,Tanah Bumbu Regency (South Kalimantan province)
2024,Flood,Indonesia,Asia,Buol Regency (Central Sulawesi Province); Luwu Regency (South Sulawesi Province); Bitung Regency (North Sulawesi Province); East Java
2024,Flood,Indonesia,Asia,Bogor Town (West Java Province); Demak Regency (Central Java); Jambi
2024,Flood,Indonesia,Asia,Agam
2024,Flood,Indonesia,Asia,Karang Jaya
2024,Flood,Indonesia,Asia,Karo
2024,Flood,Indonesia,Asia,Ternate regency (North Maluku province)
2024,Flood,Indonesia,Asia,Sukabumi regency (West Java province)
2025,Flood,Indonesia,Asia,Bogor regency (West Java province); Sukabumi Regency (West Java) ; Banten
2020,Flood,Pakistan,Asia,Bajaur
2020,Flood,T�rkiye,Asia,Anatolia region
2020,Flood,Mongolia,Asia,Sergelen District (T�v province) and Govis�mber Provinces
2020,Flood,T�rkiye,Asia,Kestel
2020,Flood,Japan,Asia,Kumamoto Prefecture
2020,Flood,Nepal,Asia,Parbat
2020,Flood,Bangladesh,Asia,Jamalpur
2020,Flood,Mongolia,Asia,Ulaanbaatar
2020,Flood,Republic of Korea,Asia,South Gyeongsang
2020,Flood,Myanmar,Asia,Amarapura Township
2020,Flood,Republic of Korea,Asia,North Chungcheong and Gyeonggi Provinces
2020,Flood,Pakistan,Asia,Sindh province
2020,Flood,Democratic People's Republic of Korea,Asia,North and South Hwanghae
2020,Flood,Saudi Arabia,Asia,Makkah
2020,Flood,Oman,Asia,Governorate of Dhofar
2020,Flood,Georgia,Asia,Racha-Lechkhumi and Kvemo Svaneti
2020,Flood,Iran (Islamic Republic of),Asia,Khuzestan
2020,Flood,Tajikistan,Asia,Khatlon Province
2020,Flood,Iran (Islamic Republic of),Asia,Bushehr
2020,Flood,Sri Lanka,Asia,Mannar
2020,Flood,Mongolia,Asia,Arkhangai
2020,Flood,Sri Lanka,Asia,Puttalam
2020,Flood,Yemen,Asia,Hadhramaut
2020,Flood,Uzbekistan,Asia,Syrdarya region
2020,Flood,Yemen,Asia,Aden
2020,Flood,Iran (Islamic Republic of),Asia,Iranshahr
2020,Flood,Iran (Islamic Republic of),Asia,Nurabad
2020,Flood,Pakistan,Asia,Khyber Pakhtunkhwa Province
2020,Flood,Yemen,Asia,Lahj
2020,Flood,Iraq,Asia,Baqubah City (Diyala Governorate)
2020,Flood,Iran (Islamic Republic of),Asia,Fars
2020,Flood,Timor-Leste,Asia,Cristo Rei
2020,Flood,Pakistan,Asia,Khyber Pakhtunkhwa
2020,Flood,Iran (Islamic Republic of),Asia,Isfahan
2020,Flood,Kazakhstan,Asia,Maktaaral district (Turkestan province)
2020,Flood,Afghanistan,Asia,Tala Wa Barfak District (south-western Baghlan province); Samangan province
2020,Flood,Afghanistan,Asia,Kuz Kunar District (Nangarhar Province); Parwan province
2020,Flood,Afghanistan,Asia,Parwan
2020,Flood,Viet Nam,Asia,Ha Giang
2020,Flood,Malaysia,Asia,Terengganu
2020,Flood,Malaysia,Asia,Kota Kinabalu
2020,Flood,Malaysia,Asia,Pontian
2020,Flood,Malaysia,Asia,Tenom
2020,Flood,Malaysia,Asia,Sarawak State (north-west Borneo Island)
2020,Flood,Afghanistan,Asia,Takhar
2020,Flood,Afghanistan,Asia,Nasai District (Badakhshan Province)
2020,Flood,India,Asia,Uttar Pradesh State
2020,Flood,China,Asia,
2020,Flood,India,Asia,Lakhimpur
2020,Flood,India,Asia,Jammu region
2020,Flood,India,Asia,Assam
2020,Flood,India,Asia,Hyderabad
2020,Flood,Yemen,Asia,
2020,Flood,T�rkiye,Asia,Samsun
2020,Flood,Thailand,Asia,Pattani
2020,Flood,Thailand,Asia,Nakhon Si Thammarat
2020,Flood,Thailand,Asia,Nan
2020,Flood,China,Asia,Shaanxi
2020,Flood,China,Asia,Anhui
2020,Flood,China,Asia,Tongzi (Zunyi)
2020,Flood,China,Asia,Mianning county (Sichuan province)
2020,Flood,Israel,Asia,Tel Aviv; Haifa District
2021,Flood,China,Asia,Xiangyang
2021,Flood,China,Asia,Zhengzhou
2021,Flood,China,Asia,Jiangxi Province
2021,Flood,India,Asia,Chittoor
2021,Flood,India,Asia,Tamil nadu
2021,Flood,India,Asia,Nainital (Uttarakhand state)
2021,Flood,China,Asia,Shanxi
2021,Flood,Bhutan,Asia,Laya Town (Gasa District); Thimphou region
2021,Flood,Pakistan,Asia,Khyber Pakhtunkhwa
2021,Flood,Malaysia,Asia,Pahang
2021,Flood,Malaysia,Asia,Kedah
2021,Flood,Malaysia,Asia,Kota Kinabalu
2021,Flood,Malaysia,Asia,Yan
2021,Flood,Malaysia,Asia,Beaufort and Tenom districts (Sabah state); Sarawak state; Melaka state
2021,Flood,Malaysia,Asia,Johor
2021,Flood,Thailand,Asia,Chaiyaphum
2021,Flood,Thailand,Asia,Tak
2021,Flood,Thailand,Asia,Songkhla
2021,Flood,Malaysia,Asia,Beaufort
2021,Flood,Malaysia,Asia,Serian
2021,Flood,T�rkiye,Asia,Ulus (Bartin); Azdavay
2021,Flood,Japan,Asia,Nagasaki
2021,Flood,Mongolia,Asia,Arkhangai
2021,Flood,Cambodia,Asia,Poipet and Malai districts (Banteay Meanchey Province)
2021,Flood,Pakistan,Asia,Abottabad
2021,Flood,Nepal,Asia,Bagmati
2021,Flood,Cambodia,Asia,Kampong Speu province
2021,Flood,Georgia,Asia,Batumi
2021,Flood,Nepal,Asia,Kanchanpur District (Sudurpaschim Province)
2021,Flood,Cambodia,Asia,Daun Kok and Anlong Svay villages
2021,Flood,Sri Lanka,Asia,Rathnapura
2021,Flood,Sri Lanka,Asia,Rambukkana Town (Kurunegala District); Matale District
2021,Flood,Iraq,Asia,Erbil (Kudistan)
2021,Flood,Iraq,Asia,Erbil Governorate (Kurdistan region)
2021,Flood,Sri Lanka,Asia,Batticaloa
2021,Flood,Syrian Arab Republic,Asia,Idlib and Aleppo refugee camps (north-western Syria)
2021,Flood,Pakistan,Asia,Charsadda
2021,Flood,Sri Lanka,Asia,Colombo
2021,Flood,Iran (Islamic Republic of),Asia,Yazd
2021,Flood,Yemen,Asia,Sanaa
2021,Flood,Tajikistan,Asia,Khatlon
2021,Flood,Nepal,Asia,Helambu and Melamchi (Sindhupalchok district
2021,Flood,Nepal,Asia,Province 1
2021,Flood,Japan,Asia,Kagoshima
2021,Flood,Yemen,Asia,Dhamar
2021,Flood,Myanmar,Asia,Rakhine
2021,Flood,Bangladesh,Asia,Cox�s Bazar
2021,Flood,Pakistan,Asia,Mardan
2021,Flood,Democratic People's Republic of Korea,Asia,South Hamgyong province
2021,Flood,T�rkiye,Asia,Rize and Artvin
2021,Flood,Viet Nam,Asia,Minh Luong Commune
2021,Flood,Afghanistan,Asia,Kamdesh District (Nouristan province)
2021,Flood,Afghanistan,Asia,Herat
2021,Flood,Viet Nam,Asia,Northern and central regions
2021,Flood,Viet Nam,Asia,Quang Nam
2021,Flood,Philippines,Asia,Bicol
2021,Flood,Philippines,Asia,Negros Occidental and Northern Samar Provinces (Visayas); Luzon
2021,Flood,India,Asia,Idukki
2021,Flood,India,Asia,Rajkot
2021,Flood,India,Asia,Himachal Pradesh
2021,Flood,India,Asia,Pune
2021,Flood,India,Asia,Bongaigaon
2021,Flood,India,Asia,Bihar
2021,Flood,Philippines,Asia,Governor Generoso and San Isidro Municipalities (Davao Oriental Province)
2021,Flood,Philippines,Asia,Davao City (Bunawan and Buhangin-B districts
2021,Flood,Philippines,Asia,Eastern Samar
2021,Flood,Thailand,Asia,Chanthaburi
2021,Flood,Thailand,Asia,Phetchaburi
2022,Flood,Yemen,Asia,Hajjah
2022,Flood,Republic of Korea,Asia,Seoul area
2022,Flood,Mongolia,Asia,Arkhangai
2022,Flood,Japan,Asia,Aomori
2022,Flood,Nepal,Asia,Belaka municipality of Udayapur district; Saptakoshi
2022,Flood,Sri Lanka,Asia,Nuwara Eliya District (southern Central Province); Kandy District (central-western Central Province); Jaffna
2022,Flood,Iran (Islamic Republic of),Asia,East Azarbaijan
2022,Flood,Afghanistan,Asia,Nuristan
2022,Flood,Afghanistan,Asia,Wardak
2022,Flood,Afghanistan,Asia,Kapisa
2022,Flood,Viet Nam,Asia,Tuyen Quang
2022,Flood,Pakistan,Asia,Lasbela
2022,Flood,T�rkiye,Asia,Karama; Akyurt
2022,Flood,Bangladesh,Asia,Shariatpur & Madaripur districts ; Kurigram
2022,Flood,Iran (Islamic Republic of),Asia,Kerman
2022,Flood,Georgia,Asia,Ambrolauri
2022,Flood,Philippines,Asia,Maguindanao Province (Bangsamoro Region
2022,Flood,Philippines,Asia,Mimaropa
2022,Flood,Uzbekistan,Asia,Samarqand and Jizzakh regions
2022,Flood,Afghanistan,Asia,Kunar
2022,Flood,Yemen,Asia,Ad Dali�
2022,Flood,Viet Nam,Asia,Tuyen Quang
2022,Flood,Lao People's Democratic Republic,Asia,Houaphan
2022,Flood,Viet Nam,Asia,Nghia Hanh and Duc Pho Districts (Quang Ngai province); Quang Nam
2022,Flood,Viet Nam,Asia,Quang Nam
2022,Flood,Yemen,Asia,Marib
2022,Flood,India,Asia,Itanagar distrci (Arunchal Pradesh); Dima Hasao
2022,Flood,India,Asia,Himachal Pradesh
2022,Flood,Nepal,Asia,Darchula District (Sudurpashchim Provincel); Kanchanpur District (Sudurpashchim Province)
2022,Flood,Sri Lanka,Asia,Trincomalee (Eastern Province); Kalutara
2022,Flood,Malaysia,Asia,Kelantan
2022,Flood,Malaysia,Asia,Kelantan
2022,Flood,Thailand,Asia,Chiang Rai
2022,Flood,Thailand,Asia,Phimai District (Nakhon Ratchasima Province); Khok Yai
2022,Flood,Cambodia,Asia,Meanchey
2022,Flood,Thailand,Asia,Ang Thong
2022,Flood,China,Asia,Sichuan
2022,Flood,T�rkiye,Asia,Antalya Province
2022,Flood,Afghanistan,Asia,Kandahar
2022,Flood,Sri Lanka,Asia,Awissawella area of the Colombo district; Kegalle
2022,Flood,China,Asia,Datong County (Qinghai); Pengzhou (Sichuan); Heilongjiang and Shanxi
2022,Flood,Thailand,Asia,
2022,Flood,Thailand,Asia,Satun
2022,Flood,Thailand,Asia,Surat Thani
2022,Flood,Malaysia,Asia,Baling District (eastern Kedah State)
2022,Flood,Malaysia,Asia,Kuala Lumpur
2022,Flood,Malaysia,Asia,Kelantan
2022,Flood,Thailand,Asia,Phrae
2022,Flood,Thailand,Asia,Chumphon
2022,Flood,Thailand,Asia,Chiang Rai
2022,Flood,Iran (Islamic Republic of),Asia,Kerman province
2022,Flood,Viet Nam,Asia,Dak Lak
2022,Flood,China,Asia,Xuwen county
2022,Flood,China,Asia,Fujian
2022,Flood,India,Asia,Uttar Pradesh
2023,Flood,Malaysia,Asia,Selangor
2023,Flood,Malaysia,Asia,Johor
2023,Flood,Malaysia,Asia,Johor
2023,Flood,Malaysia,Asia,Johor
2023,Flood,Pakistan,Asia,Awaran
2023,Flood,Pakistan,Asia,Punjab
2023,Flood,Mongolia,Asia,Ulaanbaatar
2023,Flood,Republic of Korea,Asia,North Gyeongsang
2023,Flood,Lao People's Democratic Republic,Asia,Atsaphon district (Savannnakhet); Khammuan
2023,Flood,Mongolia,Asia,Ulaanbaatar
2023,Flood,Bangladesh,Asia,Chattogram
2023,Flood,Myanmar,Asia,Belin town
2023,Flood,Pakistan,Asia,Punjab
2023,Flood,T�rkiye,Asia,Istanbul City
2023,Flood,"China, Hong Kong Special Administrative Region",Asia,
2023,Flood,Myanmar,Asia,Pegou region; Bago and Yangon
2023,Flood,Sri Lanka,Asia,Western
2023,Flood,Japan,Asia,Yamaguchi Prefecture (Honshu); Oita Prefecture (Kyushu islands); Kumamoto City (Kumamoto Prefecture); Hiroshima
2023,Flood,Georgia,Asia,Batumi city/municipality (Adjara Autonomous Republic (A/R); Chokhatauri and Lanchkhuti municipalities (Guria Region); Lentekhi municipality (Racha-Lechkhumi); Kvemo Svaneti Region; Gurjaani Municipality (Kakheti Region); Kutaisi
2023,Flood,Yemen,Asia,Hajjah
2023,Flood,Pakistan,Asia,Balochistan
2023,Flood,Syrian Arab Republic,Asia,Aleppo and Idlib governorates
2023,Flood,Pakistan,Asia,Mardan
2023,Flood,Pakistan,Asia,Peshawar
2023,Flood,Pakistan,Asia,Khuzdar City/Qusdar (Khuzdar District
2023,Flood,Nepal,Asia,Nuwakot
2023,Flood,T�rkiye,Asia,Adiyaman and Sanliurfa provinces
2023,Flood,India,Asia,Thoothukudi
2023,Flood,China,Asia,Shenzhen
2023,Flood,Tajikistan,Asia,Vakhdat
2023,Flood,China,Asia,Weiziping
2023,Flood,Pakistan,Asia,Punjab province
2023,Flood,India,Asia,Mulugu District (western Telangana)
2023,Flood,Pakistan,Asia,
2023,Flood,China,Asia,Leshan City (Sichuan province); Yiliang County (Yunnan province)
2023,Flood,Thailand,Asia,Nan
2023,Flood,China,Asia,Jiangxi Province
2023,Flood,China,Asia,Sichuan
2023,Flood,China,Asia,Beijing city
2023,Flood,China,Asia,Shulan City (Jilin Province)
2023,Flood,Thailand,Asia,Satun
2023,Flood,India,Asia,Himachal Pradesh
2023,Flood,India,Asia,Nalbari
2023,Flood,India,Asia,Mandi
2023,Flood,Afghanistan,Asia,Jalrez
2023,Flood,Afghanistan,Asia,Nangarhar Province
2023,Flood,Viet Nam,Asia,Cao Bang
2023,Flood,Philippines,Asia,Lanao del Norte Province (Northern Mindanao Region); Davao de Oro and Davao del Norte provinces; Maguindanao (BARMM Region); Mimaropa Region; Cagayan Valley
2023,Flood,Philippines,Asia,Bicol
2023,Flood,Philippines,Asia,Davao City (Davao del Norte); Davao Oriental (Dava Region); Maguidanao del Sur Province (BARMM Region)
2023,Flood,Philippines,Asia,Eastern Visayas
2023,Flood,Viet Nam,Asia,Yen Bai
2023,Flood,Viet Nam,Asia,Lai Chau
2023,Flood,Viet Nam,Asia,Lam Dong Province (central Vietnam)
2024,Flood,Sri Lanka,Asia,Ampara and Badulla districts
2024,Flood,Syrian Arab Republic,Asia,Idlib (Northwest region)
2024,Flood,India,Asia,Meghalaya
2024,Flood,United Arab Emirates,Asia,Dubai
2024,Flood,Thailand,Asia,Phetchabun
2024,Flood,Cyprus,Asia,Limassol and Nicosia
2024,Flood,India,Asia,Assam and Meghalaya states
2024,Flood,India,Asia,Pratapgarh
2024,Flood,India,Asia,Tripura state
2024,Flood,India,Asia,Gujarat
2024,Flood,China,Asia,Shaoguan
2024,Flood,China,Asia,Zixing (Hunan province)
2024,Flood,United Arab Emirates,Asia,Dubai
2024,Flood,China,Asia,Shangluo (Shaanxi province)
2024,Flood,India,Asia,Mandi
2024,Flood,China,Asia,Ridi Village (Kangding county
2024,Flood,China,Asia,Chengxi town (Dianjiang county) and Yuntai town (Changshou county)
2024,Flood,Philippines,Asia,Region X (Northern Mindanao)
2024,Flood,Thailand,Asia,Chumphon
2024,Flood,Viet Nam,Asia,Dien Bien
2024,Flood,Afghanistan,Asia,Kandahar
2024,Flood,Afghanistan,Asia,Dawlat Abad
2024,Flood,Afghanistan,Asia,Baghlan
2024,Flood,Afghanistan,Asia,Faryab
2024,Flood,Afghanistan,Asia,Achin
2024,Flood,Nepal,Asia,
2024,Flood,Bangladesh,Asia,Sylhet
2024,Flood,Iran (Islamic Republic of),Asia,Mashhad
2024,Flood,Armenia,Asia,Alaverdi
2024,Flood,Sri Lanka,Asia,Colombo
2024,Flood,Tajikistan,Asia,Sughd
2024,Flood,Kyrgyzstan,Asia,Bazar-Korgon district (Jalal-Abad region)
2024,Flood,Myanmar,Asia,Myitkyina
2024,Flood,Yemen,Asia,Abyan
2024,Flood,Iran (Islamic Republic of),Asia,Kenarak
2024,Flood,Oman,Asia,South Batinah
2024,Flood,Kazakhstan,Asia,Aktobe
2024,Flood,Iraq,Asia,Baroshki
2024,Flood,Pakistan,Asia,Bajaur
2024,Flood,Iran (Islamic Republic of),Asia,Dashtiari
2024,Flood,T�rkiye,Asia,Antalya City (Antalya Province); Ili� Town
2024,Flood,Kyrgyzstan,Asia,Batken
2024,Flood,Republic of Korea,Asia,Chupungnyeong
2024,Flood,Pakistan,Asia,Punjab
2024,Flood,Kyrgyzstan,Asia,Osh city (Osh city region)
2024,Flood,Iran (Islamic Republic of),Asia,Jiroft (Kerman province)
2024,Flood,Yemen,Asia,byan
2024,Flood,Bangladesh,Asia,Sherpur district (Mymensingh and Sindh divisions)
2024,Flood,Nepal,Asia,Kathmandu
2024,Flood,Yemen,Asia,Al-Mahwit governorate
2024,Flood,Lao People's Democratic Republic,Asia,Phongsali
2024,Flood,Bangladesh,Asia,Lakshmipur
2024,Flood,Yemen,Asia,Maqbanah district (Taez governorate)
2024,Flood,Democratic People's Republic of Korea,Asia,Sinuiju City and Uiju County (North Pyongan Province); Changang
2024,Flood,Japan,Asia,Yamagata
2024,Flood,Oman,Asia,Rustaq Town area (Al Batinah South Governorate); Al Batinah North Governorate; Ad Dhahirah Governorate; Yanqul
2025,Flood,Malaysia,Asia,Sabah and Sarawak states
2025,Flood,Malaysia,Asia,Pahang and Negeri Sembilan states
2025,Flood,Afghanistan,Asia,Farah region; Pushtkoh district; Kandahar province; Helmand province
2025,Flood,Philippines,Asia,Mimaropa
2021,Flood,Congo,Africa,B�tou
2021,Flood,Sao Tome and Principe,Africa,Lemba
2021,Flood,Egypt,Africa,Aswan Governorate
2021,Flood,Benin,Africa,Karimama
2021,Flood,Uganda,Africa,Sironko
2021,Flood,Algeria,Africa,Algiers
2021,Flood,Ghana,Africa,Ashanti
2021,Flood,Niger,Africa,Maradi
2021,Flood,Sudan,Africa,Gedaref
2021,Flood,South Sudan,Africa,Mayendit County (Unity); Ayod
2021,Flood,Nigeria,Africa,Jigawa
2021,Flood,Central African Republic,Africa,Bimbo; Birao and Baoro cities
2021,Flood,Nigeria,Africa,Trademoore
2021,Flood,Ghana,Africa,Chereponi
2021,Flood,Guinea,Africa,Matoto
2021,Flood,Chad,Africa,Bologo and Dafra districts; Tandjil�
2021,Flood,Uganda,Africa,Kilembe Town (Kasese District
2021,Flood,Ethiopia,Africa,
2021,Flood,Tunisia,Africa,Kasserine
2021,Flood,Namibia,Africa,Khomas Region
2021,Flood,Madagascar,Africa,Antananarivo City (Analamanga Region)
2021,Flood,Morocco,Africa,Tetouan and Martil Cities (Tanger Tetouan Al Hoceima Region)
2021,Flood,Morocco,Africa,Tanger
2021,Flood,Algeria,Africa,Chlef Province
2021,Flood,Angola,Africa,Viana
2021,Flood,Kenya,Africa,Tana River
2021,Flood,Burundi,Africa,Bugarama
2021,Flood,Angola,Africa,Cazenga
2021,Flood,Uganda,Africa,Butaleja District (Eastern Region); the Northern Region
2021,Flood,Rwanda,Africa,Gicumbi and Burera Districts (Northern province); Kayonza District (Eastern province)
2021,Flood,United Republic of Tanzania,Africa,Mtwara-Mikindani municipality (Mtwara Region)
2021,Flood,Mozambique,Africa,Magude
2021,Flood,South Africa,Africa,Mpumalanga Province
2021,Flood,Somalia,Africa,Hirshabelle
2022,Flood,Rwanda,Africa,Rubavu
2022,Flood,Chad,Africa,Batha
2022,Flood,Mauritania,Africa,N�ma
2022,Flood,Sierra Leone,Africa,Freetown Capital City
2022,Flood,Ghana,Africa,Ga South Municipal District (Greater Accra Region)
2022,Flood,South Sudan,Africa,Western Equatoria
2022,Flood,Mali,Africa,Mopti region
2022,Flood,Senegal,Africa,Dakar City area and the Cap�Vert Peninsula (Dakar Region); Thies
2022,Flood,Nigeria,Africa,Anambra
2022,Flood,Gambia,Africa,Banjul
2022,Flood,Uganda,Africa,Mbale
2022,Flood,Central African Republic,Africa,Lobaye
2022,Flood,South Africa,Africa,Gauteng Province; KwaZulu-Natal
2022,Flood,South Africa,Africa,Gauteng Province
2022,Flood,Tunisia,Africa,Siliana
2022,Flood,South Africa,Africa,Umlazi Town (Durban
2022,Flood,Rwanda,Africa,Nyamasheke
2022,Flood,United Republic of Tanzania,Africa,Mbeya and Songwe Regions
2022,Flood,South Africa,Africa,Durban (KwaZulu-Natal province)
2022,Flood,Somalia,Africa,Galkayo district
2022,Flood,Cameroon,Africa,Bamenda City (Northwest Region
2022,Flood,C�te d�Ivoire,Africa,Abobo
2022,Flood,South Africa,Africa,Kleinvlei
2022,Flood,Sudan,Africa,Kas District (South Darfur State); Kassala
2022,Flood,Niger,Africa,Zinder
2022,Flood,Guinea,Africa,Kankan
2022,Flood,Benin,Africa,Athieme (Mono department); Bonou (Oueme department); Karimama (Alibori department); Ouesse
2022,Flood,Uganda,Africa,Nyarusiza
2022,Flood,Zambia,Africa,Namwala
2022,Flood,Ethiopia,Africa,Gambella
2022,Flood,Togo,Africa,Maritime region (southern Togo); Oti
2022,Flood,Democratic Republic of the Congo,Africa,Bunyakiri Town (Kalehe Territory
2022,Flood,Congo,Africa,Betou
2022,Flood,South Africa,Africa,Soweto
2022,Flood,Democratic Republic of the Congo,Africa,Mount Ngafula
2022,Flood,Malawi,Africa,Balaka
2022,Flood,Uganda,Africa,
2022,Flood,Mozambique,Africa,
2022,Flood,South Africa,Africa,Ladysmith and Msinga (KwaZulu-Natal Province)
2022,Flood,Madagascar,Africa,Antananarivo (Analamanga Region)
2022,Flood,Zimbabwe,Africa,Victoria Falls City (Matabeleland North Province)
2022,Flood,Rwanda,Africa,Kigali
2022,Flood,South Africa,Africa,Eastern Cape province
2022,Flood,Democratic Republic of the Congo,Africa,Bukavu (South Kivu province)
2022,Flood,Democratic Republic of the Congo,Africa,Rubaya
2023,Flood,Congo,Africa,Likouala
2023,Flood,Democratic Republic of the Congo,Africa,Bukavu
2023,Flood,South Africa,Africa,Ladysmith
2023,Flood,Angola,Africa,Luanda
2023,Flood,Burundi,Africa,Buganda
2023,Flood,United Republic of Tanzania,Africa,Dar Es Salaam
2023,Flood,Democratic Republic of the Congo,Africa,Baraka City
2023,Flood,Somalia,Africa,Bay
2023,Flood,Ethiopia,Africa,Somali Region
2023,Flood,Kenya,Africa,Tana River
2023,Flood,Nigeria,Africa,Fufore
2023,Flood,Somalia,Africa,Baidoa
2023,Flood,Zambia,Africa,Kalomo
2023,Flood,Mozambique,Africa,Boane
2023,Flood,Nigeria,Africa,Emirates of Dukku and Nafada in Gombe State
2023,Flood,South Africa,Africa,Western Cape province
2023,Flood,Algeria,Africa,Bab Al-Assa Municipality (Tlemcen); El Haoudh Village (El Bayadh Province)
2023,Flood,Mauritania,Africa,Brakna
2023,Flood,Guinea,Africa,Kindia
2023,Flood,Cameroon,Africa,Limbe
2023,Flood,Niger,Africa,Maradi
2023,Flood,Ghana,Africa,Western
2023,Flood,Somalia,Africa,Belet Weyne District (Hirshabelle State) Baardheere District (Jubaland State)
2023,Flood,Democratic Republic of the Congo,Africa,Bushushu
2023,Flood,Rwanda,Africa,Northern
2023,Flood,Ghana,Africa,South
2023,Flood,Uganda,Africa,Kasese
2023,Flood,Angola,Africa,Luanda
2023,Flood,United Republic of Tanzania,Africa,Tangazo
2023,Flood,United Republic of Tanzania,Africa,Sumbawanga District (eastern Rukwa Region); Mara and Mtwara regions
2023,Flood,Burundi,Africa,Bujumbura
2023,Flood,Kenya,Africa,Mombasa
2023,Flood,Ethiopia,Africa,Dhawa Zone (Somali Region); Oromia and Afar Regions
2023,Flood,South Africa,Africa,Ingquza Hill
2023,Flood,Somalia,Africa,Baardheere District (Gedo Region); Galmudug
2023,Flood,Zambia,Africa,Namwala
2023,Flood,Namibia,Africa,Ohangwena
2023,Flood,South Africa,Africa,Mpumalanga
2023,Flood,Kenya,Africa,Kisumu
2024,Flood,Kenya,Africa,Nairobi
2024,Flood,Gabon,Africa,Mouila (Ngouni� Province)
2024,Flood,Libya,Africa,Tarhuna city
2024,Flood,Malawi,Africa,
2024,Flood,Kenya,Africa,
2024,Flood,United Republic of Tanzania,Africa,Tarime district (Mara region)
2024,Flood,Central African Republic,Africa,Mbomou
2024,Flood,Togo,Africa,
2024,Flood,Senegal,Africa,Tambacounda
2024,Flood,South Africa,Africa,Eastern Cape province
2024,Flood,Sierra Leone,Africa,Bumbuna dam in Bumbuna town (Tonkolili District
2024,Flood,Mali,Africa,S�gou
2024,Flood,South Sudan,Africa,Unity
2024,Flood,Algeria,Africa,B�char
2024,Flood,Nigeria,Africa,Maiduguri (Borno state)
2024,Flood,Morocco,Africa,Tata
2024,Flood,Cameroon,Africa,Logone et Chari and the Mayo-Danay Divisions (Far North Region )
2024,Flood,Nigeria,Africa,Adamawa
2024,Flood,Guinea,Africa,BTN
2024,Flood,Chad,Africa,Batha
2024,Flood,Sudan,Africa,Kassala
2024,Flood,Burkina Faso,Africa,Boucle Du Mouhoun
2024,Flood,Liberia,Africa,Bong
2024,Flood,Niger,Africa,Maradi
2024,Flood,C�te d�Ivoire,Africa,Abidjan district
2024,Flood,Ethiopia,Africa,far
2024,Flood,South Africa,Africa,Eastern Cape
2024,Flood,Democratic Republic of the Congo,Africa,1 Nord-Ubangi
2024,Flood,Rwanda,Africa,Nyanza
2024,Flood,Chad,Africa,Mandoul and Logone (Oriental provinces)
2024,Flood,Somalia,Africa,Somaliland
2024,Flood,Burundi,Africa,Bujumbura Mairie
2024,Flood,Uganda,Africa,Central Region
2024,Flood,Kenya,Africa,Nairobi
2024,Flood,United Republic of Tanzania,Africa,Arusha
2024,Flood,Kenya,Africa,Marsabit
2024,Flood,Algeria,Africa,Jijel
2024,Flood,Malawi,Africa,Karonga
2024,Flood,South Africa,Africa,eThekwini Metro
2025,Flood,Botswana,Africa,Gaborone city area
2025,Flood,Madagascar,Africa,Antananarivo city area
2025,Flood,Madagascar,Africa,Analamanga region
2020,Flood,C�te d�Ivoire,Africa,Abobo
2020,Flood,Chad,Africa,Grande Sido departement (Moyen-Chari Province)
2020,Flood,Sudan,Africa,Khartoum
2020,Flood,Somalia,Africa,Hirshabelle
2020,Flood,Niger,Africa,Maradi
2020,Flood,South Sudan,Africa,Bor South
2020,Flood,Chad,Africa,Ndjamena
2020,Flood,Uganda,Africa,Kasitu Sub County (Bundibugyo District)
2020,Flood,Niger,Africa,Niamey
2020,Flood,Senegal,Africa,Dakar
2020,Flood,Burkina Faso,Africa,Soum (Sahel); Sanguie (West Central); Sanmatenga
2020,Flood,Democratic Republic of the Congo,Africa,Sake Town (Masisi territory
2020,Flood,Benin,Africa,Kandi
2020,Flood,Togo,Africa,Mandouri
2020,Flood,Mauritania,Africa,Nouakchott
2020,Flood,Tunisia,Africa,Tunis
2020,Flood,Nigeria,Africa,Jigawa
2020,Flood,Guinea,Africa,Bordo
2020,Flood,Mauritania,Africa,Bassiknou
2020,Flood,Mozambique,Africa,Niassa
2020,Flood,Congo,Africa,Likouala region
2020,Flood,Uganda,Africa,Mbarara and Kasese Districts
2020,Flood,Democratic Republic of the Congo,Africa,Mbanza-Ngungu City; Noki
2020,Flood,Ethiopia,Africa,South Gondar zone (Amhara Region); Afar
2020,Flood,Cameroon,Africa,Mayo-Danay
2020,Flood,Zambia,Africa,Munengo
2020,Flood,Cabo Verde,Africa,Praia
2020,Flood,Nigeria,Africa,Akwa Ibom (southern part of the country) and Kwara (west-central Nigeria)
2020,Flood,Burkina Faso,Africa,Kongoussi (Bam)
2020,Flood,Ghana,Africa,Greater Accra Region
2020,Flood,Uganda,Africa,Kasese District
2020,Flood,Burundi,Africa,Bujumbura Rural
2020,Flood,Mozambique,Africa,Grudja
2020,Flood,Namibia,Africa,Oshana
2020,Flood,Rwanda,Africa,Gisagara District; Gasabo (Kigali)
2020,Flood,Egypt,Africa,Cairo
2020,Flood,Angola,Africa,Cuanza Sul
2020,Flood,Zambia,Africa,Samfya
2020,Flood,Democratic Republic of the Congo,Africa,Territories of Kailo
2020,Flood,Democratic Republic of the Congo,Africa,Bukama Territory (south Haut-Lomami Province).
2020,Flood,Djibouti,Africa,Djibouti city and the south suburb of Balbala
2020,Flood,Democratic Republic of the Congo,Africa,Djugu territory (Ituri province)
2020,Flood,Rwanda,Africa,Northern area
2020,Flood,Ethiopia,Africa,Dire Dawa City
2020,Flood,Somalia,Africa,Somalia States and territories (South West
2020,Flood,Kenya,Africa,West Pokot
2020,Flood,Uganda,Africa,Lake Victoria and the Lake Kyoga regions
2020,Flood,United Republic of Tanzania,Africa,Kilimanjaro
2020,Flood,Burkina Faso,Africa,Kongoussi Commune (Bam Province
2020,Flood,Burundi,Africa,Bujumbura City (Bujumbura Mairie Province
2020,Flood,Angola,Africa,Kilamba Kiaxi
2020,Flood,Democratic Republic of the Congo,Africa,Bukavu
2020,Flood,Uganda,Africa,Kween District (central-east Uganda)
2020,Flood,Rwanda,Africa,Gakenke (Northern province)
2020,Flood,United Republic of Tanzania,Africa,Rufiji District (Pwani Region)
2020,Flood,South Africa,Africa,Johannesburg and Gauteng Province
2020,Flood,Malawi,Africa,Karonga District
2020,Flood,United Republic of Tanzania,Africa,Iringa
2020,Flood,Madagascar,Africa,Andapa Municipality; Amparafaravola
2020,Flood,Zambia,Africa,Gwembe
2020,Flood,Rwanda,Africa,Kigali Province
2020,Flood,Nigeria,Africa,Suleja City
2020,Flood,Rwanda,Africa,Gatsibo district (East Province)
2020,Flood,Congo,Africa,Brazzaville
2020,Flood,Ghana,Africa,Bagre Dam in West Mamprusi Municipality
2020,Flood,United Republic of Tanzania,Africa,Ilala District
2020,Flood,United States of America,Americas,Mississippi
2020,Flood,United States of America,Americas,Midland Country
2020,Flood,Peru,Americas,Uchumayo (Arequipa); Monz�n (Huanuco Department)
2020,Flood,Bolivia (Plurinational State of),Americas,La Paz
2020,Flood,Colombia,Americas,Piedecuesta Municipality (Santander Department); Chinchina (Caldas Department)
2020,Flood,Ecuador,Americas,Machala City (El Oro Province); Manab�
2020,Flood,Honduras,Americas,La Masica (Atlantida Department); Gracias a Dios
2020,Flood,Bolivia (Plurinational State of),Americas,La Paz
2020,Flood,Argentina,Americas,Chaco
2020,Flood,Peru,Americas,Arequipa
2020,Flood,Peru,Americas,Maranon Province
2020,Flood,French Guiana,Americas,Saint-Laurent du Maroni Commune
2020,Flood,Guatemala,Americas,Zacapa
2020,Flood,Canada,Americas,Alberta
2020,Flood,Guatemala,Americas,Huehuetenango
2020,Flood,Uruguay,Americas,Montevideo
2020,Flood,Colombia,Americas,Antioquia
2020,Flood,Panama,Americas,Calov�bora Commune (Veraguas Province
2020,Flood,Mexico,Americas,Filomeno Meta municipality (Veracruz State)
2020,Flood,Brazil,Americas,Alfredo Chaves
2020,Flood,Brazil,Americas,Marilia
2020,Flood,Brazil,Americas,Rio de Janeiro State
2020,Flood,Brazil,Americas,Guaruja
2020,Flood,Brazil,Americas,Vale do Itajai region (Santa Caterina State)
2020,Flood,Colombia,Americas,Santander department; El Ret�n and Fundaci�n (Magdalena Department)
2020,Flood,Venezuela (Bolivarian Republic of),Americas,Tachira State
2020,Flood,Mexico,Americas,Chiapas
2021,Flood,El Salvador,Americas,Sonsonate
2021,Flood,Mexico,Americas,Hidalgo
2021,Flood,Mexico,Americas,Tlayacapan
2021,Flood,Colombia,Americas,Ibagu� City (central Tolima Departement)
2021,Flood,Colombia,Americas,Antioquia
2021,Flood,Mexico,Americas,Santiago de Quer�taro
2021,Flood,Colombia,Americas,Antioquia
2021,Flood,Peru,Americas,Ja�n Province (Cajamarca Region)
2021,Flood,Canada,Americas,Fraser Valley
2021,Flood,Bolivia (Plurinational State of),Americas,Larecaja Province (La Paz Department)
2021,Flood,Colombia,Americas,Choc� Department
2021,Flood,Colombia,Americas,El Santuario Municipality; Medellin city area (Antioquia Department)
2021,Flood,Bolivia (Plurinational State of),Americas,La Paz
2021,Flood,Guatemala,Americas,San Marcos
2021,Flood,Venezuela (Bolivarian Republic of),Americas,Merida
2021,Flood,Haiti,Americas,Jean-Rabel
2021,Flood,Panama,Americas,Changuinola
2021,Flood,Brazil,Americas,Florian�polis City (Santa Caterina State)
2021,Flood,Brazil,Americas,Santa Maria de Itabira Municipality (central Minas Gerais state); Cruzeiro do Sul Municipality (Acre state)
2021,Flood,Brazil,Americas,Lagoa Vermelha Municipality (Rio Grande Do Sul State)
2021,Flood,Brazil,Americas,Santa Catarina (southern Brazil) and Par� (northern Brazil)
2021,Flood,Brazil,Americas,Oriximin� Municipality (northern Par�)
2021,Flood,Brazil,Americas,Parintins
2021,Flood,Brazil,Americas,Santa Catarina State
2021,Flood,Brazil,Americas,Itaberaba
2021,Flood,United States of America,Americas,Todd
2021,Flood,United States of America,Americas,Bolivar
2021,Flood,United States of America,Americas,Dickson
2021,Flood,United States of America,Americas,Utah and Colorado
2021,Flood,Bolivia (Plurinational State of),Americas,Sucre City (Chuquisaca Department)
2021,Flood,Bolivia (Plurinational State of),Americas,Sucre City (Chuquisaca Department)
2021,Flood,Paraguay,Americas,Distrito Capital
2021,Flood,Ecuador,Americas,Pi�as Canton (El Oro); Chunchi Canton (Chimborazo)
2021,Flood,Peru,Americas,Santa Ana District and Echarate District (La Convenci�n Province); Cusco region
2021,Flood,Peru,Americas,Tambopata
2021,Flood,Peru,Americas,Santa Rosa de Alto Yanajanca district
2021,Flood,Bolivia (Plurinational State of),Americas,Santa Cruz
2021,Flood,Argentina,Americas,Catamarca
2021,Flood,Peru,Americas,Tambogrande
2021,Flood,Peru,Americas,Yurimaguas District (Alto Amazonas Province
2021,Flood,Colombia,Americas,Florencia City (Caquet� Department); Qu�pama Town (Boyac� Department)
2021,Flood,Colombia,Americas,El Tablon de Medina (Cundinamarca department); Villavicencio City (Meta Department)
2021,Flood,Colombia,Americas,El Carmen de Bolivar Municipality (Bolivar department); Valle Del Guamuez
2021,Flood,Colombia,Americas,Barbacoas Municipality (Nari�o Department)
2021,Flood,Guatemala,Americas,Uspant�n and Chicam�n Municipalities (Quich� Department); Sacatep�quez Department
2021,Flood,Bolivia (Plurinational State of),Americas,Omereque
2021,Flood,Peru,Americas,Pichari and Kimbiri
2021,Flood,Venezuela (Bolivarian Republic of),Americas,Febres Cordero Municipality (Merida State)
2021,Flood,Ecuador,Americas,Cuenca Canton (Azuay Province)
2021,Flood,Guatemala,Americas,Livingston Town Area (Izabal Department); Alta Verapaz
2021,Flood,Guyana,Americas,Regions 3
2021,Flood,Panama,Americas,Crist�bal Town (Col�n Province
2021,Flood,Colombia,Americas,San Luis
2021,Flood,Chile,Americas,Bio B�o
2021,Flood,Suriname,Americas,Paramaribo
2021,Flood,Peru,Americas,Nauta District (Loreto Province); San Martin region
2021,Flood,Paraguay,Americas,Conception City
2021,Flood,Bolivia (Plurinational State of),Americas,Cochabamba
2021,Flood,United States of America,Americas,Whatcom County (northern Washington State)
2021,Flood,Costa Rica,Americas,Corredores
2021,Flood,United States of America,Americas,Davidson
2021,Flood,United States of America,Americas,Albuquerque (New Mexico); Larimer County (Colorado); Arizona
2021,Flood,United States of America,Americas,Utah
2021,Flood,United States of America,Americas,El Paso (Texas); Gila Bend (Arizona)
2021,Flood,United States of America,Americas,Jefferson
2021,Flood,United States of America,Americas,Big Island
2021,Flood,United States of America,Americas,Hawai�i
2022,Flood,Canada,Americas,Manitoba
2022,Flood,Canada,Americas,Southern Manitoba Province
2022,Flood,Ecuador,Americas,Balao
2022,Flood,Guatemala,Americas,Tucur� Municipality (Alta Verapaz); Guatemala
2022,Flood,Suriname,Americas,Brokopondo
2022,Flood,Uruguay,Americas,Montevideo Capital City
2022,Flood,Ecuador,Americas,Cotopaxi
2022,Flood,Haiti,Americas,Limb� Arrondissement
2022,Flood,Ecuador,Americas,Azuay Province
2022,Flood,Peru,Americas,Machu Picchu Pueblo District (Cusco Department)
2022,Flood,Ecuador,Americas,Guayas
2022,Flood,Haiti,Americas,North-West
2022,Flood,Honduras,Americas,Cort�s
2022,Flood,Dominican Republic,Americas,
2022,Flood,Bolivia (Plurinational State of),Americas,O'Connor Province (Tarija Department)
2022,Flood,Colombia,Americas,San Pablo
2022,Flood,Dominican Republic,Americas,Puerto Plata province
2022,Flood,Venezuela (Bolivarian Republic of),Americas,T�chira
2022,Flood,Colombia,Americas,Nari�o department
2022,Flood,Colombia,Americas,La Antigua village (Antioquia department)
2022,Flood,Colombia,Americas,Cundinamarca
2022,Flood,Brazil,Americas,Minas Gerais
2022,Flood,Honduras,Americas,Santa B�rbara
2022,Flood,Colombia,Americas,Guaranda
2022,Flood,Colombia,Americas,Bosconia Municipality (Cesar Department); Montecristo
2022,Flood,Venezuela (Bolivarian Republic of),Americas,Guanta
2022,Flood,Colombia,Americas,Bogot� area; North Santander department; La Calera municipality (Cundinamarca Department)
2022,Flood,Panama,Americas,El Cacao
2022,Flood,Trinidad and Tobago,Americas,Bamboo #2
2022,Flood,Saint Lucia,Americas,Corinth
2022,Flood,Venezuela (Bolivarian Republic of),Americas,Macuto and Caraballeda Parishes (La Guaira State)
2022,Flood,Ecuador,Americas,Pastaza
2022,Flood,Venezuela (Bolivarian Republic of),Americas,Barinas
2022,Flood,Mexico,Americas,Culiac�n
2022,Flood,Mexico,Americas,Nuevo Le�n State
2022,Flood,Guyana,Americas,Mahaica-Berbice
2022,Flood,Brazil,Americas,Itapema and Cambori� (Santa Catarina state); Esp�rito Santo State
2022,Flood,Brazil,Americas,Carapebus and Concei��o de Macabu (Rio de Janeiro State); Santa Catarina state; Paran� State; Espirito Santo State
2022,Flood,Brazil,Americas,Bahia state
2022,Flood,Brazil,Americas,Alagoas
2022,Flood,Brazil,Americas,Pernambuco
2022,Flood,United States of America,Americas,Yellowstone National Park (Wyoming
2022,Flood,Brazil,Americas,Florianopolis and Vale do Itajai (Santa Catarina State )
2022,Flood,Brazil,Americas,Petr�polis City and the Fluminense Mountain Region (Rio de Janeiro State)
2022,Flood,Cuba,Americas,Matanzas
2022,Flood,Colombia,Americas,Meta Department
2022,Flood,Brazil,Americas,Miracema
2022,Flood,Brazil,Americas,Sao Paulo state
2022,Flood,Brazil,Americas,Angra dos Reis
2022,Flood,United States of America,Americas,Kentucky
2022,Flood,Puerto Rico,Americas,San Juan area
2022,Flood,Colombia,Americas,Viot�
2022,Flood,United States of America,Americas,North Dakota and northern Minnesota (central-northern USA)
2022,Flood,Venezuela (Bolivarian Republic of),Americas,T�chira
2023,Flood,United States of America,Americas,Vermont
2023,Flood,United States of America,Americas,New York city; New Jersey
2023,Flood,Haiti,Americas,Grand'Anse Department
2023,Flood,Mexico,Americas,Autlan (Jalisco state)
2023,Flood,United States of America,Americas,Portland City area (Oregon State); Snohomish and Wahkiakum Counties (Washington State)
2023,Flood,United States of America,Americas,Pembroke Pines
2023,Flood,Brazil,Americas,Rodeio Municipality (Santa Caterina State)
2023,Flood,Brazil,Americas,Bandeirantes (Paran� state)
2023,Flood,Brazil,Americas,Sao Sebastiao City and one in Ubatuba City (Sao Paulo state)
2023,Flood,Brazil,Americas,Arroio do Meio
2023,Flood,Brazil,Americas,Rio do Sul
2023,Flood,Brazil,Americas,Matriz de Camaragibe
2023,Flood,Brazil,Americas,Rio Grande do Sul
2023,Flood,Brazil,Americas,Santa Cruz Cabr�lia
2023,Flood,Brazil,Americas,Maranh�o
2023,Flood,Brazil,Americas,Aratuba
2023,Flood,Brazil,Americas,Brasileia
2023,Flood,Brazil,Americas,Ceara
2023,Flood,Guatemala,Americas,Alta Verapaz
2023,Flood,Chile,Americas,Libertador
2023,Flood,Ecuador,Americas,Atacames
2023,Flood,Haiti,Americas,Ouest
2023,Flood,Canada,Americas,Baie-Saint-Paul (Charlevoix Region)
2023,Flood,Peru,Americas,Piura
2023,Flood,Colombia,Americas,Suarez
2023,Flood,Bolivia (Plurinational State of),Americas,Cobija City (Pando Department)
2023,Flood,Bolivia (Plurinational State of),Americas,El Torno
2023,Flood,Peru,Americas,Cajamarca
2023,Flood,Ecuador,Americas,Chone Canton (Manab�); Guayas; Los R�os
2023,Flood,Paraguay,Americas,San Lazaro
2023,Flood,Bolivia (Plurinational State of),Americas,Guanay
2023,Flood,Dominican Republic,Americas,Azua
2023,Flood,Venezuela (Bolivarian Republic of),Americas,El Callao City (Bolivar State)
2023,Flood,Cuba,Americas,Granma
2023,Flood,Peru,Americas,Chilca District
2023,Flood,Colombia,Americas,Atlantico
2023,Flood,Bolivia (Plurinational State of),Americas,Potos�
2023,Flood,Dominican Republic,Americas,Azua
2023,Flood,Paraguay,Americas,Alto Paran�
2023,Flood,Chile,Americas,Valpara�so
2023,Flood,Canada,Americas,East and West Hants Regional Municipality
2023,Flood,Argentina,Americas,Quilmes (Buenos Aires); Santa Fe
2023,Flood,Uruguay,Americas,Artigas
2024,Flood,Argentina,Americas,Corrientes
2024,Flood,Bolivia (Plurinational State of),Americas,Catachila Alta
2024,Flood,Peru,Americas,Contralmirante Villar and Tumbes Provinces (Tumbes Region); Tahuamanu Province
2024,Flood,Ecuador,Americas,Muisne (Esmeraldas); Puerto L�pez
2024,Flood,Bolivia (Plurinational State of),Americas,Tipuani municipality (La Paz department)
2024,Flood,Uruguay,Americas,Florida
2024,Flood,Bolivia (Plurinational State of),Americas,Bajo Acre
2024,Flood,Argentina,Americas,Corrientes and Entre R�os
2024,Flood,Haiti,Americas,Grand'Anse
2024,Flood,Haiti,Americas,Grand-Anse department and the South department
2024,Flood,Costa Rica,Americas,Guanacaste
2024,Flood,Bolivia (Plurinational State of),Americas,La Paz capital city area
2024,Flood,Haiti,Americas,Les Cayes
2024,Flood,Dominican Republic,Americas,Duarte
2024,Flood,Guatemala,Americas,Suchitep�quez
2024,Flood,Chile,Americas,�uble
2024,Flood,Uruguay,Americas,Ortigas
2024,Flood,Peru,Americas,Molinos District
2024,Flood,Brazil,Americas,Metropolitan
2024,Flood,Brazil,Americas,Formosa da Serra Negra
2024,Flood,Brazil,Americas,Mimoso do Sul
2024,Flood,Brazil,Americas,Macap� Municipality (Amap� State)
2024,Flood,Brazil,Americas,Barra do Pira�
2024,Flood,Brazil,Americas,D�rio Meira
2024,Flood,Brazil,Americas,Belford Roxo
2024,Flood,United States of America,Americas,Texas
2024,Flood,United States of America,Americas,Roswell (Chaves county
2024,Flood,United States of America,Americas,Iowa
2025,Flood,Peru,Americas,Tiquillaca district (Puno region)
2025,Flood,Peru,Americas,Huancavelica
2025,Flood,Bolivia (Plurinational State of),Americas,Chuquisaca
2020,Flood,France,Europe,Ajaccio (Corsica); Salines
2020,Flood,Poland,Europe,Mazovian
2020,Flood,Ukraine,Europe,Verkhovyna District (Ivano-Frankivsk); Vyzhnytskyi District (Chernivtsi); Zakarpattya
2020,Flood,Bosnia and Herzegovina,Europe,Tuzla Canton
2020,Flood,Serbia,Europe,Ivanjica Town (Moravica District)
2020,Flood,Romania,Europe,Bihor
2020,Flood,Greece,Europe,Politika
2020,Flood,Slovakia,Europe,Trenc�n
2020,Flood,France,Europe,Valleraugue (Gard department); Loz�re and Herault departments
2020,Flood,Greece,Europe,Crete Island
2020,Flood,Italy,Europe,Cagliari
2020,Flood,Italy,Europe,Varese
2020,Flood,Italy,Europe,Crotone and Cosenza provinces (Calabria)
2020,Flood,France,Europe,Gironde
2020,Flood,United Kingdom of Great Britain and Northern Ireland,Europe,East Cowick (East Yorkshire)
2021,Flood,Spain,Europe,Asturias
2021,Flood,France,Europe,La Marne
2021,Flood,Russian Federation,Europe,Transbaikal and Khabarovsk Territories ( Amur Region); Jewish Autonomous Region
2021,Flood,Spain,Europe,Castell�n and Valencia Provinces (Valencian Community); Tarragona
2021,Flood,Russian Federation,Europe,Anapa
2021,Flood,Sweden,Europe,G�vleborg
2021,Flood,France,Europe,Gard Department
2021,Flood,Slovenia,Europe,Ljubljana
2021,Flood,Bosnia and Herzegovina,Europe,Ilidza
2021,Flood,France,Europe,Nord
2021,Flood,France,Europe,Nouvelle-Aquitaine; Occitanie; Landes; Pyr�n�es-Atlantiques
2021,Flood,Albania,Europe,Lezh�
2021,Flood,Bulgaria,Europe,Strumiani
2021,Flood,Serbia,Europe,Zitoradja (Toplicki)
2021,Flood,France,Europe,Charente-Maritime Department
2021,Flood,France,Europe,Beauvais
2021,Flood,Romania,Europe,Bacau
2021,Flood,Russian Federation,Europe,Tuapse
2021,Flood,Belgium,Europe,Li�ge
2021,Flood,Germany,Europe,Berchtesgaden (Bavaria); Heilbronn (Baden-W�rttemberg); Saxony
2021,Flood,Slovakia,Europe,�arnovica District
2021,Flood,Austria,Europe,Vienna
2021,Flood,Switzerland,Europe,Basel
2021,Flood,Czechia,Europe,St?edo?esk�
2021,Flood,Italy,Europe,Lake Garda
2021,Flood,Luxembourg,Europe,Mamer
2021,Flood,Netherlands (Kingdom of the),Europe,Valkenburg; LImburg
2021,Flood,Poland,Europe,Kujawsko-Pomorskie
2022,Flood,Russian Federation,Europe,Lazarevsky
2022,Flood,Bulgaria,Europe,Karlovo
2022,Flood,Italy,Europe,Ancona
2022,Flood,Bosnia and Herzegovina,Europe,Novi Grad
2022,Flood,Croatia,Europe,Zadar county; Gracac municipality
2023,Flood,Czechia,Europe,
2023,Flood,France,Europe,Nord and Pas-de-Calais departments
2023,Flood,France,Europe,Pas-de-Calais Department
2023,Flood,Belgium,Europe,Westhoerk
2023,Flood,Greece,Europe,Volos City
2023,Flood,Bulgaria,Europe,Tsarevo Municipality (Burgas Province)
2023,Flood,Spain,Europe,Catalonia
2023,Flood,Slovenia,Europe,Gorenjska
2023,Flood,Serbia,Europe,Borski
2023,Flood,Bosnia and Herzegovina,Europe,Novi Grad
2023,Flood,Croatia,Europe,Gracac Municipality (Zadar County)
2023,Flood,Italy,Europe,Bologna
2023,Flood,Italy,Europe,Fontanelice Municipality (Bologna Province); Castel Bolognese Municipality (Ravenna Province); Forl�-Cesena provinces
2023,Flood,Ukraine,Europe,Volyn
2023,Flood,Latvia,Europe,Upper Daugava and Aug�daugava regions
2023,Flood,Belarus,Europe,Vitebsk
2023,Flood,Serbia,Europe,Sjenica and Brodarevo Novi Pazar Municipality; Novi Pazar Municipality (Sumadija and Western Serbia Region
2024,Flood,Greece,Europe,Kallithea and Zephyros
2024,Flood,Russian Federation,Europe,Orsk
2024,Flood,France,Europe,Indre-et-Loire Department (Centre-Val de Loire); Haute-Vienne Department (Nouvelle-Aquitaine); C�te-d'Or Department (Bourgogne-Franche-Comt�); Sa�ne-et-Loire; Yonne
2024,Flood,Spain,Europe,�lora
2024,Flood,Spain,Europe,Alaqu�s
2024,Flood,France,Europe,Rh�ne
2024,Flood,Bosnia and Herzegovina,Europe,Donja Jablanica
2024,Flood,Germany,Europe,Baden-W�rttemberg; G�nzburg
2020,Flood,New Zealand,Oceania,Gore district (Southland); Clutha District (Otago)
2020,Flood,Papua New Guinea,Oceania,Mul-Baiyer District (Western Highlinds Province)
2020,Flood,Papua New Guinea,Oceania,Western Highlands
2020,Flood,Papua New Guinea,Oceania,Moripi
2020,Flood,New Zealand,Oceania,Napier (Hawke�s Bay region)
2020,Flood,Australia,Oceania,New South Wales
2021,Flood,Australia,Oceania,Northern Territory State
2021,Flood,Australia,Oceania,Greater Sidney
2021,Flood,New Zealand,Oceania,West Coast
2021,Flood,Australia,Oceania,Victoria
2021,Flood,New Zealand,Oceania,Marlborough and Buller districts
2021,Flood,New Zealand,Oceania,Kumeu
2021,Flood,Australia,Oceania,New South Wales and Queensland
2022,Flood,Australia,Oceania,Eastern Queensland
2022,Flood,Australia,Oceania,Mount Glorious
2022,Flood,Australia,Oceania,South-east Queensland (QLD); northern New South Wales (NSW)
2022,Flood,Australia,Oceania,New South Wales (south-east Australia)
2022,Flood,Australia,Oceania,Victoria
2023,Flood,Australia,Oceania,Kimberley region (Western Australia)
2023,Flood,New Zealand,Oceania,Kelston
2023,Flood,Australia,Oceania,Daguragu
2023,Flood,Australia,Oceania,Burketown
2023,Flood,Australia,Oceania,New South Wales
2024,Flood,Australia,Oceania,Greater Sidney area (eastern New South Wales State); Queensland
2025,Flood,Australia,Oceania,Townsville
2020,Storm,South Africa,Africa,KwaZulu-Natal Province; Tshwane City (Gauteng Province); Mthaha (Eastern Cape); Free state
2020,Storm,Somalia,Africa,Xaaf uun
2020,Storm,Burundi,Africa,Gitega
2020,Storm,Madagascar,Africa,Sava region
2020,Storm,Uganda,Africa,Arua District
2020,Storm,Fiji,Oceania,Viti Levu Island
2020,Storm,Fiji,Oceania,Lau group
2020,Storm,Vanuatu,Oceania,Pentecost
2020,Storm,Tonga,Oceania,Tongatapu
2020,Storm,Solomon Islands,Oceania,Espiritu Santo
2020,Storm,Fiji,Oceania,Kadavvu
2020,Storm,Australia,Oceania,New South Wales
2020,Storm,Australia,Oceania,Brisbane
2021,Storm,New Zealand,Oceania,Aukland City (North Island
2021,Storm,Palau,Oceania,Anguar
2021,Storm,Australia,Oceania,Kalbarri and Northampton Town
2021,Storm,Australia,Oceania,Queensland and New South Wales
2021,Storm,Fiji,Oceania,Viti levu
2021,Storm,South Africa,Africa,Mthatha town
2021,Storm,Malawi,Africa,Lilongwe
2021,Storm,Lesotho,Africa,Qacha's Nek and Thaba Tseka districts
2021,Storm,Gambia,Africa,Upper River Region
2021,Storm,Sudan,Africa,Um Rakuba and Tunaydbah (East Soudan)
2021,Storm,United Republic of Tanzania,Africa,Kilimanjaro
2021,Storm,Zimbabwe,Africa,Chivi
2021,Storm,South Africa,Africa,Umkhanyakude
2021,Storm,Mozambique,Africa,Beira
2021,Storm,Madagascar,Africa,Antalaha
2022,Storm,Malawi,Africa,Nsanje
2022,Storm,Madagascar,Africa,Analanjirofo Region
2022,Storm,Madagascar,Africa,Fianarantsoa and Ambositra ; Manakara Atsimo
2022,Storm,Zimbabwe,Africa,Kariba
2022,Storm,Malawi,Africa,Nsanje
2022,Storm,Mozambique,Africa,Nampula
2022,Storm,Madagascar,Africa,Analamanga region
2022,Storm,Mozambique,Africa,Zambezia
2022,Storm,New Zealand,Oceania,Nelson-Tasman and West Coast regions
2022,Storm,Fiji,Oceania,Tavua Town
2022,Storm,Madagascar,Africa,Androka Municipality (Atsimo-Andrefana Region)
2022,Storm,Nigeria,Africa,Mutum Biyu Town area (Gassol Local Government
2022,Storm,Madagascar,Africa,Toliara I
2022,Storm,Mozambique,Africa,Nampula
2022,Storm,Madagascar,Africa,Maroantsetra (Analanjirofo Region)
2022,Storm,Eswatini,Africa,Nsingizini and Nsubane communities (Hosea and Somntongo; Shiselweni region)
2023,Storm,South Africa,Africa,Dundee City area (KwaZulu-Natal Province)
2023,Storm,Lesotho,Africa,Berea
2023,Storm,Central African Republic,Africa,Borno
2023,Storm,Sierra Leone,Africa,Dalakuru Village
2023,Storm,Malawi,Africa,Balaka
2023,Storm,Madagascar,Africa,Antalaha (Sava Region); Diana regon
2023,Storm,Madagascar,Africa,Vatovavy
2023,Storm,Mozambique,Africa,Niassa
2023,Storm,South Africa,Africa,Phoenix
2023,Storm,Libya,Africa,Benghazi
2023,Storm,Gabon,Africa,Haut Ogoue
2023,Storm,New Zealand,Oceania,Mapua Town
2023,Storm,Vanuatu,Oceania,Penama
2023,Storm,Fiji,Oceania,Central
2023,Storm,Australia,Oceania,Cairns
2023,Storm,Australia,Oceania,New South Wales
2023,Storm,Vanuatu,Oceania,Sanma
2023,Storm,Vanuatu,Oceania,Shefa and Tafea Provinces
2023,Storm,New Zealand,Oceania,Northland
2024,Storm,Canary Islands,Africa,Grand Canaria
2024,Storm,Marshall Islands,Oceania,Ratak Chain
2024,Storm,New Zealand,Oceania,Hawke's Bay and Tairawhiti regions
2024,Storm,Australia,Oceania,Victoria and Tasmania states
2024,Storm,Uganda,Africa,Palabek
2024,Storm,Madagascar,Africa,Diana region
2024,Storm,Mozambique,Africa,Mecufi
2024,Storm,Malawi,Africa,Salima
2024,Storm,Botswana,Africa,Francistown
2024,Storm,South Africa,Africa,Cape Winelands
2024,Storm,Nigeria,Africa,Nasarawa State
2024,Storm,Madagascar,Africa,Haute Matsiatra
2024,Storm,South Africa,Africa,uThukela (Ladysmith)
2024,Storm,Burundi,Africa,Butihinda Municipality (Muyinga Province)
2024,Storm,Democratic Republic of the Congo,Africa,Maniema Province
2024,Storm,Mozambique,Africa,Vilankulo and Morrumbene Districts
2024,Storm,Madagascar,Africa,Sava
2025,Storm,Madagascar,Africa,Voh�mar
2025,Storm,Madagascar,Africa,Toliara
2025,Storm,Madagascar,Africa,Tomasina province; South
2025,Storm,Mozambique,Africa,Zambezia
2025,Storm,Malawi,Africa,Phalombe
2025,Storm,Mozambique,Africa,Nampula province; Mossuril
2020,Storm,Italy,Europe,Liguria and Piemonte Regions of Italy
2020,Storm,France,Europe,Roya Valley
2020,Storm,Italy,Europe,Massa
2020,Storm,Poland,Europe,Bukowina Tatrza?ska
2020,Storm,France,Europe,Aisne
2020,Storm,Germany,Europe,Kiel
2020,Storm,Czechia,Europe,Prague; Vyso?ina (Centre)
2020,Storm,France,Europe,Pyr�n�es-Orientales
2020,Storm,Spain,Europe,Gandia
2020,Storm,Slovenia,Europe,North-East
2020,Storm,Sweden,Europe,South
2020,Storm,Italy,Europe,Traona (Lombardy)
2020,Storm,United Kingdom of Great Britain and Northern Ireland,Europe,Needles (Isles of Wight); Honister Pass (Cumbria); Micheldever
2020,Storm,Ireland,Europe,Geevagh (County Sligo)
2021,Storm,Belgium,Europe,Dinant
2021,Storm,Ukraine,Europe,Yalta City
2021,Storm,Poland,Europe,Poznan (western Poland) and Krakow (southern Poland); Malopolskie
2021,Storm,Spain,Europe,Madrid
2021,Storm,France,Europe,Brittany
2021,Storm,Poland,Europe,Dolno?l?skie
2021,Storm,Netherlands (Kingdom of the),Europe,Barendrecht
2021,Storm,Germany,Europe,Brandenburg
2021,Storm,Czechia,Europe,�st� nad Labem
2021,Storm,France,Europe,Sa�ne-et-Loire Department (Bourgogne-Franche-Comt� Region); Auvergne Region; Moselle Department (Grand Est Region)
2021,Storm,Germany,Europe,Bade-Wurtemberg
2021,Storm,Switzerland,Europe,Lucerne
2021,Storm,Czechia,Europe,Hodonin
2022,Storm,Norway,Europe,Rogaland and Vestland counties
2022,Storm,United Kingdom of Great Britain and Northern Ireland,Europe,Cumbria
2022,Storm,Germany,Europe,Brocken
2022,Storm,United Kingdom of Great Britain and Northern Ireland,Europe,Scotland
2022,Storm,Italy,Europe,Stromboli Isl.; Calabia; Sardinia; Tuscany
2022,Storm,France,Europe,Normandy
2022,Storm,Czechia,Europe,Sn?�ka
2022,Storm,France,Europe,Rouen City (Seine-Maritime Department
2022,Storm,France,Europe,Corsica
2022,Storm,Austria,Europe,K�rnten and Nieder�sterreich
2022,Storm,France,Europe,Pas-de-Calais
2022,Storm,Poland,Europe,Krakow
2022,Storm,Russian Federation,Europe,Lazarevsky District
2023,Storm,France,Europe,Clermont-Ferrand
2023,Storm,Spain,Europe,Valdezcaray (La Rioja); Estaca de Bares (A Coru�a); Cabo Busto (Asturias)
2023,Storm,Romania,Europe,Oradea and Bihor regions
2023,Storm,Italy,Europe,Brescia
2023,Storm,Slovakia,Europe,Michalovce and Sobrance regions
2023,Storm,Germany,Europe,Schwabisch Hall (Bade Wurtemberg); Denzeheide (Rh�nanie-Palatinat); Hessen
2023,Storm,Romania,Europe,Constanta
2023,Storm,Russian Federation,Europe,Crim�e; Krasnodar
2023,Storm,Italy,Europe,Padoue
2023,Storm,Bosnia and Herzegovina,Europe,Brcko District
2023,Storm,Croatia,Europe,Brod-Posavina and Vukovar-Srijem Counties; Vinkovci
2023,Storm,Slovenia,Europe,Bled Town
2023,Storm,Switzerland,Europe,La Chaux-de-Fonds (Neuchatel)
2023,Storm,Russian Federation,Europe,Lake Yalchik (Mari-El Region)
2023,Storm,Russian Federation,Europe,Ussuriysk and Spassk-Dalny (Primorsky Region)
2023,Storm,Greece,Europe,Volos (Magn�sie
2023,Storm,France,Europe,Finist�re
2023,Storm,Italy,Europe,Prato
2023,Storm,France,Europe,Deux-S�vres
2023,Storm,Bulgaria,Europe,Northeastern
2023,Storm,Republic of Moldova,Europe,Coscalia
2023,Storm,Ukraine,Europe,Odessa
2024,Storm,Slovakia,Europe,Bratislava
2024,Storm,Spain,Europe,Barcelona
2024,Storm,Switzerland,Europe,Valais
2024,Storm,Netherlands (Kingdom of the),Europe,Zeeland
2024,Storm,France,Europe,H�rault
2024,Storm,Italy,Europe,Liguria
2024,Storm,Austria,Europe,St. P�lten
2024,Storm,Czechia,Europe,Slovakia and Moravia regions
2024,Storm,Italy,Europe,Ravenna
2024,Storm,Poland,Europe,Silesian (?l?skie)
2024,Storm,Romania,Europe,Galati
2024,Storm,France,Europe,East and south-east France
2024,Storm,United Kingdom of Great Britain and Northern Ireland,Europe,Southern England and Wales
2025,Storm,France,Europe,Rennes city
2025,Storm,Italy,Europe,Liguria
2025,Storm,Spain,Europe,Ourense
2020,Storm,Mexico,Americas,Tabasco
2020,Storm,Mexico,Americas,Ciudad del Carmen (Campeche State); Quintana Roo
2020,Storm,Nicaragua,Americas,Waspam
2020,Storm,Honduras,Americas,Sulla Valley
2020,Storm,Guatemala,Americas,Alta Verapaz
2020,Storm,Colombia,Americas,San Andre
2020,Storm,Panama,Americas,Bocas del Toro
2020,Storm,Nicaragua,Americas,Bonanza Municipality
2020,Storm,Honduras,Americas,La Ceiba
2020,Storm,Guatemala,Americas,Alta Verapaz
2020,Storm,Costa Rica,Americas,Nandayure
2020,Storm,Colombia,Americas,Magdalena
2020,Storm,Belize,Americas,Cayo
2020,Storm,Cuba,Americas,Baracoa
2020,Storm,Uruguay,Americas,Montevideo
2020,Storm,Brazil,Americas,Santa Catarina state; Ira�
2020,Storm,Canada,Americas,Calgary (Alberta)
2020,Storm,El Salvador,Americas,La Libertad
2020,Storm,Honduras,Americas,Tegucigalpa (Francisco Moraz�n department); Valle Department
2020,Storm,Guatemala,Americas,Chiquimula
2020,Storm,Cuba,Americas,Sancti Spiritus
2020,Storm,Argentina,Americas,Famaill�
2020,Storm,Dominican Republic,Americas,Duarte
2020,Storm,Mexico,Americas,Chiapas
2020,Storm,Mexico,Americas,Coahuila
2020,Storm,Puerto Rico,Americas,Yauco
2020,Storm,Panama,Americas,Nole Duima
2020,Storm,El Salvador,Americas,La Union
2020,Storm,Mexico,Americas,Quintana Roo
2021,Storm,Saint Vincent and the Grenadines,Americas,Northern half of St. Vincent
2021,Storm,Haiti,Americas,Sud-Est
2021,Storm,Dominican Republic,Americas,Bahoruco region
2021,Storm,Barbados,Americas,Southern portions of Barbados
2021,Storm,Canada,Americas,Montreal City area (Quebec)
2021,Storm,Chile,Americas,Santiago Metropolitan
2021,Storm,Mexico,Americas,Guerrero
2021,Storm,Mexico,Americas,Yage municipality (Central Valley Region
2021,Storm,Mexico,Americas,Michoacan
2021,Storm,Mexico,Americas,Guerrero
2021,Storm,Mexico,Americas,Chihuahua
2021,Storm,Cuba,Americas,Matanzas
2021,Storm,Saint Lucia,Americas,Soufri�re
2021,Storm,Mexico,Americas,Xalapa City (Veracruz State); Tamaulipas state; Huauchinango
2021,Storm,Cuba,Americas,Isle of Youth (Isla de la Juventud) and the Pinar del Rio Province
2022,Storm,Mexico,Americas,Santiago Ixcuintla
2022,Storm,Mexico,Americas,Tabasco
2022,Storm,Cuba,Americas,Havana
2022,Storm,El Salvador,Americas,Sonsonate
2022,Storm,Canada,Americas,Nova Scotia
2022,Storm,Dominican Republic,Americas,La Altagracia
2022,Storm,Belize,Americas,Dangriga and Belize City
2022,Storm,Venezuela (Bolivarian Republic of),Americas,Sucre
2022,Storm,El Salvador,Americas,San Salvador
2022,Storm,Guatemala,Americas,Alta Verapaz
2022,Storm,Costa Rica,Americas,Guanacaste
2022,Storm,Colombia,Americas,San Andr�s and Providencia Archipelago
2022,Storm,Cuba,Americas,Pinar del Rio
2022,Storm,Canada,Americas,British Columbia
2022,Storm,Mexico,Americas,Coastal and Santiago Xanica (Sierra Sur Regions of Oaxaca); Chiapas
2022,Storm,Canada,Americas,Ontario
2022,Storm,Canada,Americas,Toronto
2023,Storm,Mexico,Americas,Acapulco (central Guerrero State)
2023,Storm,Brazil,Americas,Gua�ba
2023,Storm,Dominican Republic,Americas,Barahona
2023,Storm,Brazil,Americas,Mu�um
2023,Storm,Honduras,Americas,Atl�ntida
2023,Storm,Brazil,Americas,Porto Alegre (Rio Grande do Sul); Balne�rio Cambori�
2023,Storm,Argentina,Americas,Bah�a Blanca and Moreno Cities (Buenos Aires Province)
2023,Storm,Argentina,Americas,Gobernador Virasoro and Ituzaingo (Posadas municipality)
2023,Storm,Cuba,Americas,Pinar del Rio
2023,Storm,Uruguay,Americas,Colonia Department
2024,Storm,Canada,Americas,Nouvelle Ecosse
2024,Storm,Mexico,Americas,Nuevo Leon
2024,Storm,Mexico,Americas,Tampa and Sarasota city area; Yucatan
2024,Storm,Mexico,Americas,Quintana Roo state
2024,Storm,Cuba,Americas,Artemisa and coastal communities
2024,Storm,Canada,Americas,Calgary (Alberta)
2024,Storm,Canada,Americas,Quebec
2024,Storm,Brazil,Americas,Estancia de Socorro Brazil Sao Paulo State
2024,Storm,Peru,Americas,Velille District
2024,Storm,Brazil,Americas,Assis Brasil
2024,Storm,Argentina,Americas,Lan�s and Avellaneda districts (La Plata area
2024,Storm,Cuba,Americas,Artemisa
2024,Storm,Colombia,Americas,San Jacinto del Cauca municipalit (Bol�var department); Guaranda
2024,Storm,El Salvador,Americas,Tacuba district in Ahuachap�n Department; La Paz
2024,Storm,Chile,Americas,Coquimbo
2024,Storm,Guatemala,Americas,Jalpatagua and Chacaya municipalities
2024,Storm,Honduras,Americas,Ocotepeque
2024,Storm,Grenada,Americas,The Union
2024,Storm,Jamaica,Americas,Clarendon
2024,Storm,Saint Vincent and the Grenadines,Americas,Union Island
2024,Storm,Venezuela (Bolivarian Republic of),Americas,Cumanacoa
2024,Storm,Canada,Americas,Windsor
2024,Storm,Cuba,Americas,Im�as and San Antonio del Sur
2024,Storm,Panama,Americas,Los Santos
2024,Storm,Cuba,Americas,Havana
2024,Storm,Colombia,Americas,Alto Baud�
2024,Storm,Guatemala,Americas,Pet�n
2024,Storm,Honduras,Americas,Sula Valley
2024,Storm,Brazil,Americas,Rio Grande do Sul State
2024,Storm,Mexico,Americas,Veracruz
2024,Storm,Mexico,Americas,Tlacoachistlahuaca town (Guerrero state); Michoacan state
2024,Storm,Mexico,Americas,Chiapas
2025,Storm,Brazil,Americas,Pernambuco
2025,Storm,Ecuador,Americas,Azuay
2025,Storm,Colombia,Americas,Tumaco community
2020,Storm,China,Asia,Zhejiang
2020,Storm,Viet Nam,Asia,Da Nang
2020,Storm,Viet Nam,Asia,Hoa Binh
2020,Storm,Viet Nam,Asia,Ha Giang
2020,Storm,Viet Nam,Asia,Yen Bai
2020,Storm,Japan,Asia,Okinawa Prefecture
2020,Storm,Japan,Asia,Miyazaki Prefecture
2020,Storm,Viet Nam,Asia,Nam Dinh
2020,Storm,Viet Nam,Asia,Da Nang
2020,Storm,Viet Nam,Asia,Quang Nam
2020,Storm,Viet Nam,Asia,Quang Nam
2020,Storm,China,Asia,Zhangzhou Prefecture (Fujian province)
2020,Storm,Philippines,Asia,Calabazon
2020,Storm,Philippines,Asia,Visayas
2020,Storm,Thailand,Asia,Central and eastern Provinces
2020,Storm,Lao People's Democratic Republic,Asia,Savannakhet
2020,Storm,Cambodia,Asia,Pursat
2020,Storm,Republic of Korea,Asia,Gangwon
2020,Storm,Taiwan (Province of China),Asia,Taipei
2020,Storm,Republic of Korea,Asia,North Chungcheong
2020,Storm,Lao People's Democratic Republic,Asia,Xayaboury Province
2020,Storm,Armenia,Asia,Gyumri
2020,Storm,Sri Lanka,Asia,Ratnapura district
2020,Storm,Bangladesh,Asia,Cox's Bazar; Satkhira
2020,Storm,Mongolia,Asia,Bayankhongor
2020,Storm,Afghanistan,Asia,Helmand
2020,Storm,T�rkiye,Asia,Mut District; Erdemli District; Antalya Province
2020,Storm,Philippines,Asia,Calabarzon
2020,Storm,Philippines,Asia,Regions III
2020,Storm,Philippines,Asia,National Capital Region
2020,Storm,Philippines,Asia,Mindanao Island
2020,Storm,India,Asia,Raigad
2020,Storm,India,Asia,Balasore (Baleshwar)
2020,Storm,Pakistan,Asia,Mastung
2020,Storm,Thailand,Asia,Mae Hong Son
2020,Storm,India,Asia,Tamil Nadu and Puducherry
2020,Storm,Viet Nam,Asia,Ha Thinh
2020,Storm,Cambodia,Asia,Battambang
2020,Storm,China,Asia,Hainan Island (southern China)
2020,Storm,Republic of Korea,Asia,Ulsan
2020,Storm,Thailand,Asia,Loei Province
2020,Storm,India,Asia,Jammu & Kashmir state
2020,Storm,Japan,Asia,Minakami ( Gunma prefecture); Yuzawa (Niigata prefecture)
2021,Storm,China,Asia,Inner Mongolia
2021,Storm,Taiwan (Province of China),Asia,Taipei
2021,Storm,India,Asia,Srikakulam
2021,Storm,Oman,Asia,Al Suwayq Town (Al Batinah North Governorate); Muscat Province; Al- Dhahira
2021,Storm,Viet Nam,Asia,Quang Ngai city; Binh Duong province; Nghe An province
2021,Storm,Philippines,Asia,Cagayan Valley
2021,Storm,Philippines,Asia,Mimaropa
2021,Storm,Philippines,Asia,MIMAROPA and Western Visayas Regions
2021,Storm,Philippines,Asia,Sur Province (north-western Luzon)
2021,Storm,Philippines,Asia,Eastern Visayas
2021,Storm,India,Asia,Andhra Pradesh
2021,Storm,India,Asia,Koraput and Malkangiri (Odisha); Srikakulam
2021,Storm,India,Asia,Bengale occidental
2021,Storm,India,Asia,Kerala
2021,Storm,Viet Nam,Asia,Binh Son district (Quang Ngai); Nui Thanh
2021,Storm,Viet Nam,Asia,Thai Binh
2021,Storm,Philippines,Asia,Caraga Region (northern Mindanao) and Eastern Visayas Region
2021,Storm,Japan,Asia,Hokuriku
2021,Storm,Philippines,Asia,Bicol
2021,Storm,China,Asia,Nantong (near Shangai); Jiangsu province
2021,Storm,China,Asia,Hubei Province; Suzhou City (Jiangsu Province)
2021,Storm,China,Asia,For�t de pierre du Fleuve jaune
2021,Storm,China,Asia,Zhejiang Province
2021,Storm,China,Asia,Puxian County
2021,Storm,China,Asia,Tongliao City area (Inner Mongolia Autonomous Region); Liaoning
2021,Storm,Iran (Islamic Republic of),Asia,Chabahar City (south Sistan-Baluchestan Province)
2021,Storm,Republic of Korea,Asia,Jeju Island
2021,Storm,Iran (Islamic Republic of),Asia,East Azerbaijan
2021,Storm,Pakistan,Asia,Kohat
2021,Storm,Oman,Asia,Sur in Ash Sharqiyah (South Governorate); Sohar (Al Batinah North Governorate)
2021,Storm,Pakistan,Asia,Okara
2021,Storm,Lao People's Democratic Republic,Asia,Xayaboury Province
2021,Storm,Sri Lanka,Asia,Western
2021,Storm,Cambodia,Asia,Banteay Ampil district (Oddar Meanchey province); Battambang province; Krakor District (Pursat province)
2021,Storm,Timor-Leste,Asia,Dili
2021,Storm,Indonesia,Asia,East Nusa Tenggara and West Nusa Tenggar Provinces
2021,Storm,Thailand,Asia,Northern and eastern provinces
2021,Storm,Mongolia,Asia,Dundgovi
2021,Storm,Bangladesh,Asia,Bhola
2022,Storm,Philippines,Asia,Cotabato; Datu Blah Sinsuat (Mindanao Isl.); Virac
2022,Storm,Philippines,Asia,Ilocos
2022,Storm,Philippines,Asia,Cagayan Valley (the worst-hit)
2022,Storm,Philippines,Asia,Region III (Central Luzon)
2022,Storm,Philippines,Asia,Davao Region
2022,Storm,Philippines,Asia,Luzon
2022,Storm,Thailand,Asia,Chiang Mai
2022,Storm,Pakistan,Asia,Punjab province
2022,Storm,China,Asia,Hainan Island
2022,Storm,India,Asia,Tamil nadu
2022,Storm,Sri Lanka,Asia,Badulla District (Uva Province)
2022,Storm,Bangladesh,Asia,Chittagong
2022,Storm,Taiwan (Province of China),Asia,Xizhi
2022,Storm,Thailand,Asia,Sisaket Province
2022,Storm,Republic of Korea,Asia,Jeju Isl.
2022,Storm,Iraq,Asia,Najaf City (Najaf Governorate)
2022,Storm,Syrian Arab Republic,Asia,Afrin and Azaz district (Aleppo Governorate) and Harim district (Idleb Governorate)
2022,Storm,Sri Lanka,Asia,Sabaragamuwa
2022,Storm,India,Asia,Assam State
2022,Storm,Viet Nam,Asia,Cao Bang
2022,Storm,Viet Nam,Asia,Thua Thien Hue
2022,Storm,Viet Nam,Asia,Quang Ngai
2022,Storm,Japan,Asia,Unzen
2022,Storm,Japan,Asia,Kagoshima
2022,Storm,Japan,Asia,Kakegawa
2022,Storm,Japan,Asia,Niigata
2023,Storm,Iran (Islamic Republic of),Asia,Bukan (West Azerbaijan Province); Mehran (Ilam Province); Alamut (Qazvin Province); Kermanshah
2023,Storm,Indonesia,Asia,Konawe Regency
2023,Storm,China,Asia,Fujian Province; Shijiazhuang
2023,Storm,Sri Lanka,Asia,Kurunegala
2023,Storm,Mongolia,Asia,Bayan-Ulgii
2023,Storm,Sri Lanka,Asia,Kurunegala
2023,Storm,India,Asia,Andra Pradesh
2023,Storm,India,Asia,Khurda
2023,Storm,India,Asia,Barmer
2023,Storm,India,Asia,Mizoram
2023,Storm,Japan,Asia,Okinawa
2023,Storm,India,Asia,Khandwa
2023,Storm,Philippines,Asia,Calabarzon
2023,Storm,Philippines,Asia,Ilocos Region
2023,Storm,India,Asia,Gujarat state
2023,Storm,Philippines,Asia,Northern Luzon
2023,Storm,Philippines,Asia,Luzon
2023,Storm,Philippines,Asia,Davao
2023,Storm,Viet Nam,Asia,Quang Tri
2023,Storm,Viet Nam,Asia,Kien Giang Province
2023,Storm,Japan,Asia,Central Honshu Island
2023,Storm,Japan,Asia,Hyogo and Osaka
2023,Storm,Japan,Asia,Okinawa
2023,Storm,Philippines,Asia,Luzon Isl.
2023,Storm,China,Asia,Yancheng (Jiangsu Province)
2023,Storm,China,Asia,Shenzhen City (Guangdong Province)
2023,Storm,T�rkiye,Asia,Diyarbakir; Batman; Eregli City (Zonguldak) T�rkiye's Black Sea
2023,Storm,China,Asia,Guangdong
2023,Storm,Iraq,Asia,Babil
2023,Storm,Bangladesh,Asia,Netrokona
2023,Storm,Bangladesh,Asia,Cox's Bazar district
2023,Storm,Armenia,Asia,Lori
2023,Storm,Taiwan (Province of China),Asia,Taichung
2023,Storm,Indonesia,Asia,Batam City (Riau Islands)
2023,Storm,Iran (Islamic Republic of),Asia,Zabol
2023,Storm,Myanmar,Asia,Aung Myin Kone and Tadau villages (Naypyitaw capital city greater area)
2023,Storm,T�rkiye,Asia,Pazarcik City (southern Kahramanmaras Province)
2023,Storm,Thailand,Asia,Chiang Mai
2023,Storm,Bangladesh,Asia,Cox�s Bazar
2023,Storm,Myanmar,Asia,Sittwe
2023,Storm,Iran (Islamic Republic of),Asia,Sistan and Baluchestan Provinces
2023,Storm,Yemen,Asia,Hadramout
2024,Storm,India,Asia,Chennai city
2024,Storm,Bangladesh,Asia,Barisal
2024,Storm,China,Asia,Hainan Island
2024,Storm,Republic of Korea,Asia,South Gyeongsang
2024,Storm,China,Asia,Shanghai
2024,Storm,China,Asia,Shangai
2024,Storm,China,Asia,Hainan
2024,Storm,India,Asia,Unakoti
2024,Storm,Viet Nam,Asia,Quang Binh
2024,Storm,Viet Nam,Asia,Qu?ng B�nh province
2024,Storm,Viet Nam,Asia,Lao Cai
2024,Storm,China,Asia,Guangzhou (Guangdong province)
2024,Storm,China,Asia,Dongming
2024,Storm,India,Asia,Odisha and West Bengal
2024,Storm,India,Asia,Aizawl (Mizoram state); Bengal
2024,Storm,India,Asia,Bombay
2024,Storm,India,Asia,Bishnupur
2024,Storm,Philippines,Asia,Cagayan Valley
2024,Storm,Philippines,Asia,Metro Manilla
2024,Storm,Philippines,Asia,Luzon Isl.
2024,Storm,Japan,Asia,Kanagawa
2024,Storm,Japan,Asia,Ryukyu island; Aichi
2024,Storm,Japan,Asia,Wajima
2024,Storm,Philippines,Asia,Cagayan
2024,Storm,Philippines,Asia,Aurora
2024,Storm,Philippines,Asia,Northern Luzon
2024,Storm,Philippines,Asia,Luzon
2024,Storm,Philippines,Asia,Northern Luzon island
2024,Storm,Viet Nam,Asia,Bac Kan
2024,Storm,Viet Nam,Asia,Lao Cai
2024,Storm,Viet Nam,Asia,Lao Cai
2024,Storm,Bangladesh,Asia,Khulna
2024,Storm,Thailand,Asia,Lampang
2024,Storm,Thailand,Asia,Kamphaeng Phet
2024,Storm,Pakistan,Asia,Peshawar
2024,Storm,Thailand,Asia,Chiang Rai
2024,Storm,Pakistan,Asia,Khyber Pakhtunkhwa Province
2024,Storm,Myanmar,Asia,Bago
2024,Storm,Taiwan (Province of China),Asia,Hualien and Taitung counties
2024,Storm,Sri Lanka,Asia,Colombo and Gampaha districts; North Western
2024,Storm,Taiwan (Province of China),Asia,Nantou county
2024,Storm,Sri Lanka,Asia,Ampara
2025,Storm,Georgia,Asia,Chokhatauri and Ozurgeti municipalities (Guria region); Adjara Aut. Rep.
2020,Storm,United States of America,Americas,Texas
2020,Storm,United States of America,Americas,Louisiana
2020,Storm,United States of America,Americas,Louisiana
2020,Storm,United States of America,Americas,Texas
2020,Storm,United States of America,Americas,Louisiana
2020,Storm,United States of America,Americas,Nashville (Tennessee)
2020,Storm,United States of America,Americas,Oklahoma
2020,Storm,United States of America,Americas,errebonne
2020,Storm,United States of America,Americas,Illinois
2020,Storm,United States of America,Americas,South Texas
2020,Storm,United States of America,Americas,Oklahoma
2020,Storm,United States of America,Americas,Missouri
2020,Storm,United States of America,Americas,Iowa
2020,Storm,United States of America,Americas,Illinois
2020,Storm,United States of America,Americas,Louisiana
2020,Storm,United States of America,Americas,Florida
2020,Storm,United States of America,Americas,Alabama
2020,Storm,United States of America,Americas,Texas
2020,Storm,United States of America,Americas,North Carolina
2021,Storm,United States of America,Americas,Wisconsin
2021,Storm,United States of America,Americas,Texas
2021,Storm,United States of America,Americas,Oregon and Washington States
2021,Storm,United States of America,Americas,New York
2021,Storm,United States of America,Americas,Calhoun
2021,Storm,United States of America,Americas,Southern Louisiana and the Gulf Coast
2021,Storm,United States of America,Americas,Burnet
2021,Storm,United States of America,Americas,Texas
2021,Storm,United States of America,Americas,Arizona
2021,Storm,United States of America,Americas,Russell
2021,Storm,United States of America,Americas,Graves County
2021,Storm,United States of America,Americas,Louisiana
2021,Storm,United States of America,Americas,Transylvania
2021,Storm,United States of America,Americas,Rhode Isl.
2021,Storm,United States of America,Americas,California
2021,Storm,United States of America,Americas,Jefferson county (Alabama)
2021,Storm,United States of America,Americas,North Carolina
2021,Storm,United States of America,Americas,Louisiana
2021,Storm,United States of America,Americas,Louisiana
2021,Storm,United States of America,Americas,Alabama
2021,Storm,United States of America,Americas,East Baton Rouge Parish (eastern Louisiana); Lake Charles City (south-western Louisiana)
2021,Storm,United States of America,Americas,Near Greenville
2021,Storm,United States of America,Americas,San Mateo
2022,Storm,United States of America,Americas,Sacramento City
2022,Storm,United States of America,Americas,Louisiana
2022,Storm,United States of America,Americas,Texas
2022,Storm,United States of America,Americas,Bahamas
2022,Storm,United States of America,Americas,Minnesota
2022,Storm,United States of America,Americas,Andover Town (Butler County); Wichita City (Sedgwick County) - Kansas; Texas; Oklahoma
2022,Storm,United States of America,Americas,Williamson and Bell Counties (Texas); Pocahontas County (Iowa); Atoka and Coal counties (Oklahoma); Faulkner
2022,Storm,United States of America,Americas,Washington County (Arkansas); Shelby
2022,Storm,United States of America,Americas,Bastrop
2022,Storm,United States of America,Americas,Madison county (Iowa state); Illinois
2022,Storm,United States of America,Americas,Maryland
2022,Storm,United States of America,Americas,Hale
2022,Storm,United States of America,Americas,Dallas Fort
2022,Storm,United States of America,Americas,Alabama
2022,Storm,United States of America,Americas,Nebraska
2022,Storm,United States of America,Americas,Texas
2022,Storm,United States of America,Americas,Charlotte and Lee Counties (Florida Peninsula); North Carolina
2022,Storm,United States of America,Americas,South Dakota
2023,Storm,United States of America,Americas,Alabama and Georgia
2023,Storm,United States of America,Americas,Monterey
2023,Storm,United States of America,Americas,Rolling Fork
2023,Storm,United States of America,Americas,Memphis (Tennessee); Owen and Sullivan counties (Indiana); Arkansas
2023,Storm,United States of America,Americas,Bollinger County (Missouri); Illinois
2023,Storm,United States of America,Americas,Arkansas
2023,Storm,United States of America,Americas,Texas
2023,Storm,United States of America,Americas,Tampa
2023,Storm,United States of America,Americas,Nebraska
2023,Storm,United States of America,Americas,Dallas
2023,Storm,United States of America,Americas,Montana
2023,Storm,United States of America,Americas,Nashville City
2023,Storm,United States of America,Americas,Massachusetts
2023,Storm,United States of America,Americas,Texas
2023,Storm,United States of America,Americas,Dickens
2023,Storm,United States of America,Americas,Texas
2024,Storm,United States of America,Americas,Florida
2024,Storm,United States of America,Americas,Mississippi
2024,Storm,United States of America,Americas,Tampa
2024,Storm,United States of America,Americas,Texas
2024,Storm,United States of America,Americas,Houston (Texas); Kansas
2024,Storm,United States of America,Americas,California
2024,Storm,United States of America,Americas,New Mexico
2024,Storm,United States of America,Americas,Pennsylvania
2024,Storm,United States of America,Americas,Ontario
2024,Storm,United States of America,Americas,Oklahoma
2024,Storm,United States of America,Americas,Oklahoma
2024,Storm,United States of America,Americas,Greenfield (Iowa state)
2024,Storm,United States of America,Americas,Arkansas
2024,Storm,United States of America,Americas,Texas
2024,Storm,United States of America,Americas,Hillsborough
2024,Storm,United States of America,Americas,Oklahoma
2024,Storm,United States of America,Americas,Ohio
2024,Storm,United States of America,Americas,Los Angeles
2024,Storm,United States of America,Americas,New Mexico
2025,Storm,United States of America,Americas,Virginia
2025,Storm,United States of America,Americas,Kentucky
2020,Storm,Thailand,Asia,
2020,Storm,Viet Nam,Asia,
2020,Storm,Switzerland,Europe,
2020,Storm,Tuvalu,Oceania,
2020,Storm,Haiti,Americas,
2020,Storm,Dominican Republic,Americas,
2020,Storm,China,Asia,
2020,Storm,Belgium,Europe,
2020,Storm,El Salvador,Americas,
2021,Storm,Dominican Republic,Americas,
2021,Storm,Philippines,Asia,
2021,Storm,Viet Nam,Asia,
2021,Storm,Viet Nam,Asia,
2021,Storm,"China, Hong Kong Special Administrative Region",Asia,
2021,Storm,"China, Hong Kong Special Administrative Region",Asia,
2021,Storm,Maldives,Asia,
2021,Storm,Eswatini,Africa,
2021,Storm,New Caledonia,Oceania,
2021,Storm,Haiti,Americas,
2021,Storm,Taiwan (Province of China),Asia,
2021,Storm,Belgium,Europe,
2021,Storm,United Kingdom of Great Britain and Northern Ireland,Europe,
2022,Storm,R�union,Africa,
2022,Storm,Mauritius,Africa,
2022,Storm,Germany,Europe,
2022,Storm,United Kingdom of Great Britain and Northern Ireland,Europe,
2022,Storm,Ireland,Europe,
2022,Storm,Nicaragua,Americas,
2022,Storm,Netherlands (Kingdom of the),Europe,
2022,Storm,Poland,Europe,
2022,Storm,Guadeloupe,Americas,
2022,Storm,Puerto Rico,Americas,
2022,Storm,Cambodia,Asia,
2022,Storm,Czechia,Europe,
2022,Storm,Belgium,Europe,
2022,Storm,Nicaragua,Americas,
2022,Storm,Honduras,Americas,
2022,Storm,Nepal,Asia,
2022,Storm,Denmark,Europe,
2022,Storm,Poland,Europe,
2022,Storm,Germany,Europe,
2023,Storm,Mauritius,Africa,
2023,Storm,R�union,Africa,
2023,Storm,Cambodia,Asia,
2023,Storm,Guam,Oceania,
2023,Storm,Solomon Islands,Oceania,
2023,Storm,Barbados,Americas,
2023,Storm,Saint Vincent and the Grenadines,Americas,
2023,Storm,El Salvador,Americas,
2023,Storm,Philippines,Asia,
2023,Storm,Peru,Americas,
2023,Storm,Sri Lanka,Asia,
2023,Storm,Taiwan (Province of China),Asia,
2023,Storm,Serbia,Europe,
2023,Storm,"China, Hong Kong Special Administrative Region",Asia,
2023,Storm,Bulgaria,Europe,
2023,Storm,Netherlands (Kingdom of the),Europe,
2023,Storm,United Kingdom of Great Britain and Northern Ireland,Europe,
2023,Storm,Spain,Europe,
2023,Storm,Germany,Europe,
2023,Storm,Belgium,Europe,
2023,Storm,Sri Lanka,Asia,
2023,Storm,Honduras,Americas,
2023,Storm,T�rkiye,Asia,
2023,Storm,"China, Hong Kong Special Administrative Region",Asia,
2023,Storm,Taiwan (Province of China),Asia,
2023,Storm,Zimbabwe,Africa,
2023,Storm,Republic of Korea,Asia,
2023,Storm,Germany,Europe,
2023,Storm,Serbia,Europe,
2023,Storm,Pakistan,Asia,
2024,Storm,Ireland,Europe,
2024,Storm,Haiti,Americas,
2024,Storm,Dominican Republic,Americas,
2024,Storm,Jamaica,Americas,
2024,Storm,Costa Rica,Americas,
2024,Storm,Colombia,Americas,
2024,Storm,Philippines,Asia,
2024,Storm,Nicaragua,Americas,
2024,Storm,China,Asia,
2024,Storm,Nicaragua,Americas,
2024,Storm,Comoros,Africa,
2024,Storm,Mayotte,Africa,
2024,Storm,United Republic of Tanzania,Africa,
2024,Storm,Barbados,Americas,
2024,Storm,Belize,Americas,
2024,Storm,El Salvador,Americas,
2024,Storm,Costa Rica,Americas,
2024,Storm,Philippines,Asia,
2024,Storm,Thailand,Asia,
2024,Storm,Mauritius,Africa,
2024,Storm,R�union,Africa,
2024,Storm,Taiwan (Province of China),Asia,
2024,Storm,Lao People's Democratic Republic,Asia,
2024,Storm,Philippines,Asia,
2020,Wildfire,New Zealand,Oceania,Lake Ohau (Canterbury)
2020,Wildfire,Ukraine,Europe,Stanychno-Luhansk
2020,Wildfire,Ukraine,Europe,Novoaidar district (Luhansk region)
2020,Earthquake,Algeria,Africa,Mila province
2020,Earthquake,Croatia,Europe,Sisak
2020,Earthquake,Greece,Europe,Samos
2020,Earthquake,Croatia,Europe,Zagreb
2020,Drought,Somalia,Africa,Gedo; Las Anod / Hudun and Taleb (Sool)
2020,Drought,Kenya,Africa,Marsabit
2020,Drought,Mozambique,Africa,
2020,Drought,Niger,Africa,Diffa
2020,Drought,Mali,Africa,M�naka
2020,Drought,Madagascar,Africa,Betioky
2020,Drought,Lesotho,Africa,
2020,Drought,Burkina Faso,Africa,
2020,Drought,Angola,Africa,Cunene
2020,Drought,Mauritania,Africa,Tagant
2021,Drought,United Republic of Tanzania,Africa,Handeni
2021,Drought,Zambia,Africa,Southern
2021,Drought,Zimbabwe,Africa,Matabeleland South
2021,Drought,South Sudan,Africa,Aweil South (Northern Bahr el Gazzal State)
2021,Drought,Ethiopia,Africa,Tigray
2021,Drought,Mozambique,Africa,Cabo Delgado
2021,Drought,Tuvalu,Oceania,Funafuti with Nukufetau (central); Nanumea
2021,Drought,South Africa,Africa,
2021,Earthquake,Greece,Europe,Arkalochori
2021,Earthquake,Greece,Europe,Larissa
2021,Wildfire,Australia,Oceania,Perth region
2021,Wildfire,Italy,Europe,Oristano
2021,Volcanic activity,Vanuatu,Oceania,
2021,Volcanic activity,Canary Islands,Africa,La Palma Island
2021,Volcanic activity,Rwanda,Africa,Gisenyi
2021,Volcanic activity,Democratic Republic of the Congo,Africa,Goma
2021,Wildfire,Greece,Europe,Elekistra
2021,Wildfire,Algeria,Africa,Tizi-Ouzou
2021,Wildfire,North Macedonia,Europe,Strumica
2021,Wildfire,Bulgaria,Europe,Pernik
2021,Wildfire,Tunisia,Africa,Ain Mazer
2021,Wildfire,Russian Federation,Europe,Yakutia and Karelia
2022,Drought,Cameroon,Africa,
2022,Drought,Ethiopia,Africa,Somali region and Oromia (Boran and Moyale zones)
2022,Drought,Cabo Verde,Africa,Ribeira Grande de Santiago
2022,Drought,Niger,Africa,Agadez
2022,Drought,Chad,Africa,Bahr El Gazal (Nord
2022,Drought,Djibouti,Africa,Ali Sabieh
2022,Drought,Uganda,Africa,Napak
2022,Drought,Burkina Faso,Africa,
2022,Drought,Democratic Republic of the Congo,Africa,
2022,Earthquake,Bosnia and Herzegovina,Europe,Ljubinje and Capljina
2022,Earthquake,Papua New Guinea,Oceania,Morobe
2022,Drought,Malawi,Africa,
2022,Drought,Mali,Africa,
2022,Drought,Nigeria,Africa,
2022,Drought,Sudan,Africa,
2022,Drought,Central African Republic,Africa,
2022,Drought,France,Europe,
2022,Wildfire,Algeria,Africa,Bejaia
2022,Wildfire,Greece,Europe,Portes village in Achaia Region (north-west Peloponnese Peninsula); Delphi municipality (central Greece); Itea; Amfissa; East Macedonia & Thrace
2022,Volcanic activity,Tonga,Oceania,Hunga Tonga-Hunga Ha�apai; Nuku�alofa; Uoleva; Uiha and Nomuka
2022,Wildfire,Portugal,Europe,Leiria and Santarem districts in Our�m municipality (Santarem District); Porto district; Torre de Moncorvo
2022,Drought,Portugal,Europe,
2022,Drought,Italy,Europe,�milie-Romagne
2022,Drought,United Kingdom of Great Britain and Northern Ireland,Europe,
2022,Wildfire,Central African Republic,Africa,Bakala (Ouaka)
2022,Wildfire,Russian Federation,Europe,Krasno�arsk
2022,Wildfire,Spain,Europe,Zamora Province (Castile and Le�n Autonomous Community); Navarra Autonomous Community; Lleida Province (Catalonia Autonomous Community); Malaga province (Andalusia region); C�ceres (Extremadura region); Lugo and Ourense provnces (Galicia region); Cabezo-Ladrillar-Monsagro (Salamanca province
2022,Drought,Marshall Islands,Oceania,Aur
2023,Drought,Italy,Europe,Sicile
2023,Wildfire,Russian Federation,Europe,Tyumen
2023,Wildfire,Algeria,Africa,B�ja�a
2023,Wildfire,Portugal,Europe,Odemira Municipality
2023,Wildfire,France,Europe,Saint-Andr� and Argel�s-sur-Mer (Pyr�n�es-Orientales department)
2023,Wildfire,Spain,Europe,Montitxelvo municipality (Valencia)
2023,Wildfire,Greece,Europe,Athenes; Neo Kouvaras village
2023,Drought,Micronesia (Federated States of),Oceania,Chuuk
2023,Drought,Lesotho,Africa,Maseru
2023,Drought,Mozambique,Africa,Manica
2023,Drought,Botswana,Africa,Southern
2023,Earthquake,Papua New Guinea,Oceania,East Sepik Province
2023,Earthquake,France,Europe,La Laigne
2023,Earthquake,Morocco,Africa,Al Haouz and Taroudant Provinces; Marrakech; Ouarzazate
2023,Earthquake,Iceland,Europe,Grindavik (Reykjanes peninsula)
2023,Drought,Spain,Europe,Catalognia
2023,Wildfire,Greece,Europe,Alexandroupolis-Feres and Rodopi in East Macedonia
2024,Wildfire,South Africa,Africa,Overberg District; ape Winelands District Municipality (Greater Cape Town and Cape Peninsula (Western Cape Province)
2024,Wildfire,Greece,Europe,Attica region (Athens area)
2024,Wildfire,Portugal,Europe,Castelo Branco
2024,Drought,Marshall Islands,Oceania,Ratak Chain
2024,Drought,Zambia,Africa,Shangombo
2024,Drought,Malawi,Africa,
2024,Drought,Zimbabwe,Africa,
2024,Drought,Namibia,Africa,Khomas
2024,Drought,Angola,Africa,
2024,Earthquake,Papua New Guinea,Oceania,Ambunti-Dreikikir
2024,Earthquake,Vanuatu,Oceania,
2025,Wildfire,Australia,Oceania,Dimbola and Wail towns
2025,Drought,Somalia,Africa,Gedo
2025,Earthquake,Ethiopia,Africa,Southern Afar
2020,Wildfire,Bolivia (Plurinational State of),Americas,Santa Cruz
2020,Earthquake,Mexico,Americas,South Oaxaca State (Mexico)
2020,Earthquake,Puerto Rico,Americas,Ponce
2020,Earthquake,Puerto Rico,Americas,Ponce City
2020,Volcanic activity,Ecuador,Americas,Chimborazo
2020,Wildfire,United States of America,Americas,Californie
2020,Drought,Brazil,Americas,Rio Grande do Sul
2020,Drought,United States of America,Americas,West and central states
2021,Earthquake,Peru,Americas,Condorcanqui
2021,Earthquake,Ecuador,Americas,
2021,Earthquake,Haiti,Americas,Nippe
2021,Earthquake,Peru,Americas,Piura region
2021,Earthquake,Argentina,Americas,San Juan province
2021,Wildfire,United States of America,Americas,Louisville
2021,Wildfire,Canada,Americas,Lytton (British Columbia)
2021,Wildfire,Argentina,Americas,Cholila (Cushamen)
2021,Volcanic activity,Saint Vincent and the Grenadines,Americas,Saint-David
2021,Volcanic activity,Ecuador,Americas,Chimborazo province
2021,Wildfire,United States of America,Americas,Shasta County (north California State)
2021,Wildfire,United States of America,Americas,El Dorado County (California)
2021,Wildfire,United States of America,Americas,Plumas County (California)
2021,Wildfire,United States of America,Americas,Arizona
2021,Wildfire,United States of America,Americas,Pinas and Gila counties (Arizona); Montana
2021,Drought,Brazil,Americas,Paran� River region
2021,Drought,United States of America,Americas,Nationwide
2021,Wildfire,Honduras,Americas,Guanaja Island (Islas de la Bah�a Department)
2021,Earthquake,Mexico,Americas,Southern Guerrero State
2022,Earthquake,Haiti,Americas,Nippes Department
2022,Earthquake,Peru,Americas,Barranca District (Datem del Mara��n Province)
2022,Earthquake,Guatemala,Americas,Escuintla
2022,Earthquake,Ecuador,Americas,Cotopaxi
2022,Earthquake,Peru,Americas,La Capilla district (Moquegua department); Arequipa department
2022,Earthquake,Mexico,Americas,Mexico; Coalcom�n Municipality (Michoac�n); Colima
2022,Earthquake,Mexico,Americas,Colima
2022,Earthquake,United States of America,Americas,Humboldt County (California)
2022,Wildfire,Chile,Americas,Vi�a del Mar (Valpara�so); Araucan�a
2022,Wildfire,Chile,Americas,Melipilla commune (Santiago Metropolitan Region)
2022,Drought,Brazil,Americas,
2022,Drought,United States of America,Americas,Nation wide; Arizona
2022,Volcanic activity,Peru,Americas,Ventanilla district
2022,Wildfire,Argentina,Americas,Santo Tom�
2022,Drought,Uruguay,Americas,Cerro Largo
2022,Wildfire,United States of America,Americas,Siskiyou County (California)
2022,Wildfire,United States of America,Americas,Mora
2022,Wildfire,United States of America,Americas,Lincoln
2022,Wildfire,United States of America,Americas,Calhoun and Gulf Counties (Florida); Reno
2023,Wildfire,United States of America,Americas,Maui and Kula City (Hawai)
2023,Wildfire,United States of America,Americas,Spokane County (eastern Washington State)
2023,Volcanic activity,Guatemala,Americas,San Pedro Yepocapa
2023,Drought,United States of America,Americas,Texas
2023,Wildfire,Chile,Americas,B�o B�o
2023,Wildfire,Canada,Americas,Alberta
2023,Wildfire,Argentina,Americas,Catamarca
2023,Wildfire,Chile,Americas,Valparaiso
2023,Drought,Uruguay,Americas,Cerro Largo
2023,Drought,Brazil,Americas,Amazonas state
2023,Drought,Bolivia (Plurinational State of),Americas,Cochabamba
2023,Earthquake,Ecuador,Americas,El Oro
2023,Earthquake,Peru,Americas,Tumbes
2023,Drought,Honduras,Americas,Choculeta
2023,Wildfire,Bolivia (Plurinational State of),Americas,Beni
2024,Drought,United States of America,Americas,Texas
2024,Drought,Brazil,Americas,
2024,Earthquake,Cuba,Americas,Bartolom� Mas�
2024,Wildfire,Canada,Americas,Quebec province
2024,Wildfire,Guatemala,Americas,Pet�n
2024,Wildfire,United States of America,Americas,Near Malibu city
2024,Wildfire,United States of America,Americas,Ventura county (California)
2024,Wildfire,United States of America,Americas,Los Angeles
2024,Wildfire,Canada,Americas,National park Jasper (Alberta province); Colombie-Britannique
2024,Volcanic activity,Colombia,Americas,Antioquia department
2024,Wildfire,Chile,Americas,Vi�a del Mar City
2024,Wildfire,Chile,Americas,Valpara�so Municipality
2024,Wildfire,Canada,Americas,Fort Nelson
2024,Wildfire,Belize,Americas,Toledo and Cayo districts
2024,Wildfire,Bolivia (Plurinational State of),Americas,La Paz department; San Mat�as
2024,Wildfire,Peru,Americas,Amazonas
2024,Wildfire,United States of America,Americas,Texas
2024,Wildfire,United States of America,Americas,Otero and Lincoln Counties (New Mexico); California
2024,Wildfire,Guatemala,Americas,Guatemala
2024,Drought,Colombia,Americas,Boyaca
2024,Earthquake,Peru,Americas,Near Arequipa province
2024,Drought,Grenada,Americas,Saint Andrew
2025,Wildfire,United States of America,Americas,Los Angeles County (northern of Los Angeles) and Pasadena cities (southern California); San Bernardino
2025,Wildfire,Argentina,Americas,Epuy�n town (Cushamen Department
2020,Wildfire,Syrian Arab Republic,Asia,Latakia
2020,Wildfire,Israel,Asia,Nof Hagalil
2020,Wildfire,China,Asia,Liangshan Prefecture (Sichuan province)
2020,Volcanic activity,Indonesia,Asia,East Java Province
2020,Volcanic activity,Indonesia,Asia,Lembata Regency
2020,Volcanic activity,Philippines,Asia,Batangas
2020,Wildfire,Lebanon,Asia,Chouf
2021,Drought,Syrian Arab Republic,Asia,Hasakah
2021,Drought,Iraq,Asia,
2021,Drought,Iran (Islamic Republic of),Asia,Sistan and Baluchestan
2021,Drought,Kazakhstan,Asia,Mangistau
2021,Drought,Afghanistan,Asia,Badghis
2021,Wildfire,Cyprus,Asia,Arakapas ( Limassol District)
2021,Volcanic activity,Indonesia,Asia,Lumajang Regency; Malang Regency; Blitar district (Java Province)
2021,Volcanic activity,Philippines,Asia,Agoncillo and Laurel municipaliies (Batangas in Luzon)
2021,Volcanic activity,Indonesia,Asia,Central Java
2021,Wildfire,T�rkiye,Asia,Antalya Mugla
2021,Drought,China,Asia,Guangxi
2022,Drought,China,Asia,Chongqing
2022,Volcanic activity,Indonesia,Asia,Special Region of Yogyakarta
2022,Volcanic activity,Philippines,Asia,Agoncillo and Laurel minicpalities (Batangas Province)
2022,Volcanic activity,Indonesia,Asia,East Java Province
2022,Wildfire,Republic of Korea,Asia,Yeongdeok County (North Gyeongsang Province); Hapcheon County; Goryeong County; Gangwon Provinces; Uljin and Samcheok cities
2022,Wildfire,Pakistan,Asia,Sherani district
2023,Volcanic activity,Philippines,Asia,Bacacay
2023,Volcanic activity,Indonesia,Asia,Sumatra Isl.
2023,Volcanic activity,Indonesia,Asia,Nusa Tengarra
2023,Drought,China,Asia,
2023,Wildfire,Republic of Korea,Asia,Gangneung (Gangwon-do Province)
2023,Wildfire,Kazakhstan,Asia,Semei Ormany
2023,Drought,Indonesia,Asia,Nangroe Aceh Darussalam
2024,Drought,China,Asia,
2024,Wildfire,T�rkiye,Asia,Izmir
2024,Volcanic activity,Indonesia,Asia,Pumpente
2024,Volcanic activity,Philippines,Asia,La Castellana and Canlaon (Negros Oriental and Negros Occidental Province)
2024,Volcanic activity,Indonesia,Asia,North Maluku province (west Halmahera Island)
2024,Volcanic activity,Indonesia,Asia,Pululera
2024,Volcanic activity,Philippines,Asia,Western and Central Visayas region (Negros Isl.)
2024,Wildfire,China,Asia,Yajiang County (Sichuan province); Lincang City Wenshan City (Yunnan Province)
2024,Wildfire,Syrian Arab Republic,Asia,Homs
2024,Drought,Viet Nam,Asia,Can Duoc
2025,Wildfire,Japan,Asia,Ofunato
2020,Earthquake,Indonesia,Asia,South Morotai
2020,Earthquake,T�rkiye,Asia,Izmir Bornova
2020,Earthquake,China,Asia,Qiaojia and Ludian (Yunnan province)
2020,Earthquake,Philippines,Asia,Bicol Region
2020,Earthquake,T�rkiye,Asia,�zalp
2020,Earthquake,T�rkiye,Asia,Karl?ova
2020,Earthquake,T�rkiye,Asia,Van City (Baskale district)
2020,Earthquake,Iran (Islamic Republic of),Asia,Azerba�djan-Occidental province
2020,Earthquake,T�rkiye,Asia,Sivrice District (Elazig province); Malatya Provinces)
2021,Earthquake,Iran (Islamic Republic of),Asia,Esfahan
2021,Earthquake,India,Asia,Kamrup and Nagaon (Sonitpur District
2021,Earthquake,Bhutan,Asia,Samdrup Jongkhar District
2021,Earthquake,Iran (Islamic Republic of),Asia,Bouchehr province
2021,Earthquake,Japan,Asia,Honshu Island
2021,Earthquake,Japan,Asia,Namie region
2021,Earthquake,Lao People's Democratic Republic,Asia,Phongsaly province
2021,Earthquake,Tajikistan,Asia,Tadjikobod district (Douchanb� region)
2021,Earthquake,Pakistan,Asia,Hernai district i(Balochistan)
2021,Earthquake,China,Asia,Jiangcheng Hani and Yi Autonomous County (Yunnan province)
2021,Earthquake,China,Asia,Lu County
2021,Earthquake,China,Asia,Chuxiong Yi Autonomous Prefecture
2021,Earthquake,China,Asia,Yanbi
2021,Earthquake,China,Asia,Xinjiang Uygur Autonomous Region
2021,Earthquake,Indonesia,Asia,Selayar Islands Regency (South Sulawesi Province); Sikka Regency (Flores Island
2021,Earthquake,Indonesia,Asia,Karangasem and Bangli Regencies (Bali)
2021,Earthquake,Indonesia,Asia,East Java region
2021,Earthquake,Indonesia,Asia,Mamuju
2021,Earthquake,Iran (Islamic Republic of),Asia,Bandar Abbas County (central Hormozgan Province)
2021,Earthquake,Indonesia,Asia,Tehoru (Central Maluku Regency
2022,Earthquake,Afghanistan,Asia,Giyan
2022,Earthquake,China,Asia,Sichuan
2022,Earthquake,China,Asia,Baoxing
2022,Earthquake,China,Asia,Gansu
2022,Earthquake,China,Asia,Lijiang
2022,Earthquake,Indonesia,Asia,Cianjur
2022,Earthquake,Indonesia,Asia,Mentawai Islands Regency
2022,Earthquake,Indonesia,Asia,Pasaman Regency
2022,Earthquake,Indonesia,Asia,Banten
2022,Earthquake,Indonesia,Asia,Maluku Province
2022,Earthquake,T�rkiye,Asia,D�zce
2022,Earthquake,Nepal,Asia,Doti district
2022,Earthquake,Philippines,Asia,Abra Province (northern Luzon)
2022,Earthquake,Iran (Islamic Republic of),Asia,Khoy
2022,Earthquake,Taiwan (Province of China),Asia,Hualien
2022,Earthquake,Afghanistan,Asia,Qadis (Badghis province) Ghor and Hirat provinces
2022,Earthquake,Japan,Asia,Fukushima Prefecture
2022,Earthquake,Philippines,Asia,Abra
2022,Earthquake,China,Asia,Sichuan Province
2022,Earthquake,Pakistan,Asia,Lakki Marwat District (southern Khyber Pakhtunkhwa)
2022,Earthquake,Iran (Islamic Republic of),Asia,Kooshk
2023,Earthquake,Indonesia,Asia,Papua
2023,Earthquake,Indonesia,Asia,Special Region of Yogyakarta
2023,Earthquake,Iran (Islamic Republic of),Asia,Khoy
2023,Earthquake,China,Asia,Yunnan Province
2023,Earthquake,China,Asia,Dezhou and Liaocheng
2023,Earthquake,China,Asia,Gansu province; Haidong (Qinghai province)
2023,Earthquake,Indonesia,Asia,Southwest Maluku and Tanimbar Islands Regencies (Maluku Province)
2023,Earthquake,Syrian Arab Republic,Asia,Aleppo
2023,Earthquake,Afghanistan,Asia,Herat region
2023,Earthquake,Nepal,Asia,Achham
2023,Earthquake,Afghanistan,Asia,Gulran
2023,Earthquake,Nepal,Asia,Jajarkot and Rukum Districts of Karnali Province
2023,Earthquake,Philippines,Asia,Luzon Strait (near Calayan Island
2023,Earthquake,Philippines,Asia,Glan
2023,Earthquake,Philippines,Asia,Hinatuan Municipality( Surigao Del Sur Province
2023,Earthquake,T�rkiye,Asia,Gaziantep; Pazarcik District (Kahramanmaras); Sanliurfa
2023,Earthquake,Iran (Islamic Republic of),Asia,Firouragh district
2023,Earthquake,Syrian Arab Republic,Asia,
2023,Earthquake,Syrian Arab Republic,Asia,Northwest
2023,Earthquake,T�rkiye,Asia,Yesilyurt District (Malatya province)
2023,Earthquake,Afghanistan,Asia,Hindu Kush Mountain
2023,Earthquake,Pakistan,Asia,Khyber Pakhtunkhwa
2023,Earthquake,Iran (Islamic Republic of),Asia,Khoy City (West Azerbaijan Province)
2023,Earthquake,Tajikistan,Asia,Sughd province
2023,Earthquake,Japan,Asia,Ishikawa
2023,Earthquake,T�rkiye,Asia,Defne District (Hatay Province
2024,Earthquake,T�rkiye,Asia,Kale (Malatya province)
2024,Earthquake,Indonesia,Asia,Gresik Regency (East Java province)
2024,Earthquake,Indonesia,Asia,Bandung
2024,Earthquake,Indonesia,Asia,Bandung Regency
2024,Earthquake,China,Asia,Xinjiang Province
2024,Earthquake,Philippines,Asia,Lingig municipality (Mindanao Island)
2024,Earthquake,Iran (Islamic Republic of),Asia,Razavi Khorasan province
2024,Earthquake,Kazakhstan,Asia,
2024,Earthquake,Taiwan (Province of China),Asia,Hualien region
2024,Earthquake,Japan,Asia,Noto
2025,Earthquake,Nepal,Asia,
2025,Earthquake,China,Asia,Xizang
